date,oi,mm_long,mm_short,pm_long,pm_short,sd_long,sd_short,other_long,other_short,mm_net,pm_net,sd_net,other_net
2006-06-13,15900,2926,169,3632,11525,1220,0,1929,97,2757,-7893,1220,1832
2006-06-20,15514,2299,153,3605,10898,1221,0,1954,232,2146,-7293,1221,1722
2006-06-27,14574,2217,83,3760,10763,1250,0,1777,210,2134,-7003,1250,1567
2006-07-03,14925,2522,159,3408,11276,1279,0,2085,232,2363,-7868,1279,1853
2006-07-11,14342,2779,153,3355,10997,1279,0,1691,291,2626,-7642,1279,1400
2006-07-18,14532,2959,116,3405,11256,1285,0,1531,295,2843,-7851,1285,1236
2006-07-25,14640,2926,115,3626,11334,1295,0,1447,290,2811,-7708,1295,1157
2006-08-01,14882,2380,94,4164,10888,1285,0,1429,301,2286,-6724,1285,1128
2006-08-08,14838,2209,43,4576,10672,1311,0,1236,371,2166,-6096,1311,865
2006-08-15,16864,2821,27,4591,12361,1309,0,2078,425,2794,-7770,1309,1653
2006-08-22,17438,2552,137,5201,11855,1309,0,1676,525,2415,-6654,1309,1151
2006-08-29,16379,2330,170,5386,11223,1312,0,1433,598,2160,-5837,1312,835
2006-09-05,16500,1859,588,6454,10410,1347,0,1195,1280,1271,-3956,1347,-85
2006-09-12,15592,1740,494,6087,10146,1359,0,1305,1043,1246,-4059,1359,262
2006-09-19,15418,2061,373,5789,10881,1405,0,1288,749,1688,-5092,1405,539
2006-09-26,14904,2131,371,5367,10394,1350,0,1286,736,1760,-5027,1350,550
2006-10-03,15189,1901,363,5431,10720,1223,0,1338,679,1538,-5289,1223,659
2006-10-10,15933,2041,358,5349,10801,1224,0,1318,673,1683,-5452,1224,645
2006-10-17,15064,1945,441,5845,10533,1461,0,935,753,1504,-4688,1461,182
2006-10-24,15555,1777,480,6085,10044,1460,0,914,1115,1297,-3959,1460,-201
2006-10-31,15403,1808,447,6118,9876,1514,0,790,1275,1361,-3758,1514,-485
2006-11-07,15550,1944,365,5803,11137,1532,0,895,776,1579,-5334,1532,119
2006-11-14,15612,2086,386,5930,11229,1524,0,855,768,1700,-5299,1524,87
2006-11-21,15840,2083,388,6087,11544,1586,0,938,777,1695,-5457,1586,161
2006-11-28,16057,2143,390,6066,11525,1582,0,969,812,1753,-5459,1582,157
2006-12-05,15461,2153,399,5987,11609,1590,0,975,838,1754,-5622,1590,137
2006-12-12,15385,2142,413,6009,11473,1589,0,906,715,1729,-5464,1589,191
2006-12-19,14975,2156,440,5757,11192,1541,0,824,701,1716,-5435,1541,123
2006-12-26,14875,2280,320,5525,11588,1559,0,1039,807,1960,-6063,1559,232
2007-01-03,15367,2852,320,5439,12012,1510,0,1202,845,2532,-6573,1510,357
2007-01-09,16202,3042,215,5613,13458,1480,0,1525,547,2827,-7845,1480,978
2007-01-16,18159,4401,51,5541,15408,1478,0,1690,394,4350,-9867,1478,1296
2007-01-23,18415,3677,35,6109,15212,1486,0,1772,307,3642,-9103,1486,1465
2007-01-30,18146,3352,25,6428,14696,1503,0,1575,491,3327,-8268,1503,1084
2007-02-06,17619,2854,174,6430,14005,1470,0,1529,515,2680,-7575,1470,1014
2007-02-13,18310,2729,149,6634,14328,1515,0,1806,500,2580,-7694,1515,1306
2007-02-20,18713,2730,183,6968,13997,1519,0,1508,505,2547,-7029,1519,1003
2007-02-27,18543,3613,149,6017,14187,1525,0,1766,522,3464,-8170,1525,1244
2007-03-06,19048,3920,149,5873,14849,1539,0,2011,800,3771,-8976,1539,1211
2007-03-13,19186,4205,0,5787,15360,1534,0,2005,698,4205,-9573,1534,1307
2007-03-20,17821,3246,0,6295,14337,1526,0,1420,689,3246,-8042,1526,731
2007-03-27,17288,2962,537,6740,12911,1473,0,866,818,2425,-6171,1473,48
2007-04-03,17272,3069,612,6165,12197,1449,0,1031,766,2457,-6032,1449,265
2007-04-10,17090,3134,615,6078,12182,1461,0,1039,756,2519,-6104,1461,283
2007-04-17,17692,3050,626,6052,11968,1460,0,1061,759,2424,-5916,1460,302
2007-04-24,17013,2974,838,5995,11382,1456,0,1076,896,2136,-5387,1456,180
2007-05-01,16217,2744,1093,6048,10917,1460,0,1199,989,1651,-4869,1460,210
2007-05-08,16425,3261,779,5702,11440,1447,0,1167,999,2482,-5738,1447,168
2007-05-15,16400,3380,779,5646,11545,1447,0,1272,966,2601,-5899,1447,306
2007-05-22,16229,2992,920,6016,11061,1393,0,1292,1215,2072,-5045,1393,77
2007-05-29,16688,3002,1132,6168,11069,1385,0,1276,1192,1870,-4901,1385,84
2007-06-05,17392,3078,1133,7163,11707,1361,0,1140,1351,1945,-4544,1361,-211
2007-06-12,18032,2783,1201,7427,11972,1361,0,1471,1187,1582,-4545,1361,284
2007-06-19,17483,3352,688,6368,12607,1356,0,2042,1056,2664,-6239,1356,986
2007-06-26,17546,3136,815,6724,12718,1356,0,2029,1086,2321,-5994,1356,943
2007-07-03,16075,3087,872,5950,11450,1362,0,1706,1061,2215,-5500,1362,645
2007-07-10,16442,3017,1030,6071,11285,1392,0,1519,1078,1987,-5214,1392,441
2007-07-17,17304,3031,1524,6907,10620,1457,0,806,1196,1507,-3713,1457,-390
2007-07-24,16679,3043,1710,6938,10514,1435,0,680,1052,1333,-3576,1435,-372
2007-07-31,16946,3066,1786,7102,10680,1442,0,716,1134,1280,-3578,1442,-418
2007-08-07,17211,3189,1215,6735,11063,1471,0,743,1229,1974,-4328,1471,-486
2007-08-14,16391,3302,1162,5920,10251,1471,0,828,1301,2140,-4331,1471,-473
2007-08-21,16297,3104,1431,6229,9950,1435,0,878,1303,1673,-3721,1435,-425
2007-08-28,15210,2978,1121,5885,9944,1448,0,851,1359,1857,-4059,1448,-508
2007-09-04,15236,3181,819,5329,10446,1447,0,1122,1241,2362,-5117,1447,-119
2007-09-11,15735,3303,716,5098,10747,1466,0,1128,1278,2587,-5649,1466,-150
2007-09-18,16076,3472,653,5128,11194,1470,0,1172,1225,2819,-6066,1470,-53
2007-09-25,16101,3375,266,5284,12000,1479,0,1267,956,3109,-6716,1479,311
2007-10-02,17799,3658,121,5415,13382,1494,0,1357,654,3537,-7967,1494,703
2007-10-09,19849,3972,121,5678,14508,1493,0,1599,386,3851,-8830,1493,1213
2007-10-16,19503,3685,300,6730,14748,1508,0,1233,394,3385,-8018,1508,839
2007-10-23,18928,3642,181,6010,14355,1495,0,1359,330,3461,-8345,1495,1029
2007-10-30,18646,3802,338,6350,14739,1487,0,1298,103,3464,-8389,1487,1195
2007-11-06,19167,4880,0,5114,15732,1555,0,1947,18,4880,-10618,1555,1929
2007-11-13,19780,5569,0,4913,16153,1575,0,1998,5,5569,-11240,1575,1993
2007-11-20,20419,5612,0,4902,16495,1556,0,2459,53,5612,-11593,1556,2406
2007-11-27,20857,5638,0,5046,16882,1547,0,2485,10,5638,-11836,1547,2475
2007-12-04,20854,5546,0,4997,16769,1561,0,2593,1,5546,-11772,1561,2592
2007-12-11,22918,5441,0,5246,17040,1574,0,2502,1,5441,-11794,1574,2501
2007-12-18,19449,5116,0,4967,16758,1590,0,2432,12,5116,-11791,1590,2420
2007-12-24,19139,5359,0,4795,16723,1624,0,2399,0,5359,-11928,1624,2399
2007-12-31,18685,5400,0,4646,16209,1640,0,2398,444,5400,-11563,1640,1954
2008-01-08,18743,5361,0,4040,16378,1697,0,2622,272,5361,-12338,1697,2350
2008-01-15,19203,5754,0,4260,16658,1737,0,2399,364,5754,-12398,1737,2035
2008-01-22,18034,4760,0,4498,15187,1789,0,1751,410,4760,-10689,1789,1341
2008-01-29,18577,5506,0,4362,15733,1897,0,1821,287,5506,-11371,1897,1534
2008-02-05,20682,5805,0,5045,17322,1858,0,2036,375,5805,-12277,1858,1661
2008-02-12,21286,5652,0,5509,18151,1935,0,2440,345,5652,-12642,1935,2095
2008-02-19,22005,5640,0,5415,18599,1967,0,2629,313,5640,-13184,1967,2316
2008-02-26,21961,5565,0,6117,19324,2081,0,2492,278,5565,-13207,2081,2214
2008-03-04,20568,5470,0,4924,18324,2213,0,2330,161,5470,-13400,2213,2169
2008-03-11,20513,5018,0,5605,18174,2176,0,2552,201,5018,-12569,2176,2351
2008-03-18,21012,4465,0,6012,18337,2209,0,2709,365,4465,-12325,2209,2344
2008-03-25,21370,4438,65,6130,18187,2183,0,3046,382,4373,-12057,2183,2664
2008-04-01,22228,3615,0,6735,18599,2018,0,3379,393,3615,-11864,2018,2986
2008-04-08,23261,3595,0,7010,19935,2787,0,3667,338,3595,-12925,2787,3329
2008-04-15,23595,3744,60,7224,20140,2874,0,3620,308,3684,-12916,2874,3312
2008-04-22,23695,3222,1,7146,19904,3161,0,3793,331,3221,-12758,3161,3462
2008-04-29,23892,3393,4,7441,18732,3220,0,3487,909,3389,-11291,3220,2578
2008-05-06,20540,2100,4,7883,15919,2021,0,2574,729,2096,-8036,2021,1845
2008-05-13,20525,2194,149,7848,15917,2064,0,2608,788,2045,-8069,2064,1820
2008-05-20,20303,2316,148,7949,15749,2012,0,2344,675,2168,-7800,2012,1669
2008-05-27,20537,2267,150,7932,15709,2014,0,2369,840,2117,-7777,2014,1529
2008-06-03,20473,2303,149,8549,15914,2176,0,1933,652,2154,-7365,2176,1281
2008-06-10,19885,2125,147,8101,15311,2286,0,1711,639,1978,-7210,2286,1072
2008-06-17,19595,2529,146,7576,15003,2289,0,1401,698,2383,-7427,2289,703
2008-06-24,17064,2653,211,6012,13201,2089,0,1280,633,2442,-7189,2089,647
2008-07-01,15260,2322,299,5817,12299,2193,0,854,595,2023,-6482,2193,259
2008-07-08,14684,1896,321,5767,11406,2195,0,893,587,1575,-5639,2195,306
2008-07-15,13753,1823,322,5375,10684,2249,0,720,566,1501,-5309,2249,154
2008-07-22,13689,1766,321,5886,10471,2188,0,680,644,1445,-4585,2188,36
2008-07-29,13743,1822,308,6188,10128,2131,0,445,920,1514,-3940,2131,-475
2008-08-05,13749,1695,119,6399,9706,2046,0,356,1094,1576,-3307,2046,-738
2008-08-12,13476,1652,402,6356,9135,1975,0,378,1108,1250,-2779,1975,-730
2008-08-19,12829,1981,365,5437,8619,1920,0,255,950,1616,-3182,1920,-695
2008-08-26,12141,2091,293,4888,9002,1908,0,449,574,1798,-4114,1908,-125
2008-09-02,11648,1991,452,4356,8222,1813,0,535,602,1539,-3866,1813,-67
2008-09-09,10605,1875,356,3312,7217,1715,0,651,648,1519,-3905,1715,3
2008-09-16,10152,1753,356,3061,6796,1691,0,693,697,1397,-3735,1691,-4
2008-09-23,10144,1806,427,2723,6897,1625,0,966,633,1379,-4174,1625,333
2008-09-30,9509,1650,490,2895,6082,1405,0,615,622,1160,-3187,1405,-7
2008-10-07,9499,1320,490,3466,5664,1153,0,507,636,830,-2198,1153,-129
2008-10-14,9409,661,226,3962,5094,1062,0,357,600,435,-1132,1062,-243
2008-10-21,8709,794,0,3844,5118,1010,0,284,403,794,-1274,1010,-119
2008-10-28,7926,714,55,3862,4993,962,0,334,293,659,-1131,962,41
2008-11-04,7439,790,154,3422,4445,905,0,280,218,636,-1023,905,62
2008-11-11,7363,826,193,3477,4235,902,0,332,491,633,-758,902,-159
2008-11-18,7243,818,219,3141,3613,893,0,500,724,599,-472,893,-224
2008-11-25,7438,840,220,3118,3617,1065,0,499,576,620,-499,1065,-77
2008-12-02,8014,831,227,3605,3948,1085,0,437,691,604,-343,1085,-254
2008-12-09,7823,894,55,3333,4054,1094,0,444,780,839,-721,1094,-336
2008-12-16,7784,893,0,3262,4329,1273,0,391,800,893,-1067,1273,-409
2008-12-22,7586,897,0,3185,4332,1313,0,353,803,897,-1147,1313,-450
2008-12-30,6829,888,0,2901,4380,1350,0,237,452,888,-1479,1350,-215
2009-01-06,6552,874,119,2760,4234,1277,0,251,429,755,-1474,1277,-178
2009-01-13,6331,869,125,2592,3900,1273,0,260,456,744,-1308,1273,-196
2009-01-20,6267,868,357,2435,3678,1290,0,308,344,511,-1243,1290,-36
2009-01-27,7165,949,730,2917,3502,1232,0,355,260,219,-585,1232,95
2009-02-03,8245,757,1172,3542,3742,1373,0,340,282,-415,-200,1373,58
2009-02-10,7497,837,966,2946,3408,1339,0,464,284,-129,-462,1339,180
2009-02-17,7886,873,995,3135,3363,1347,0,467,268,-122,-228,1347,199
2009-02-24,7407,887,997,2997,3243,1229,0,491,272,-110,-246,1229,219
2009-03-03,6714,1016,894,2685,2866,1143,0,362,385,122,-181,1143,-23
2009-03-10,7025,960,978,2805,3232,1113,0,435,334,-18,-427,1113,101
2009-03-17,7349,853,1131,3332,3006,978,0,486,317,-278,326,978,169
2009-03-24,7098,873,839,3312,3422,944,0,447,303,34,-110,944,144
2009-03-31,7505,1026,836,3186,3612,975,0,458,256,190,-426,975,202
2009-04-07,7827,1206,836,3016,3848,1047,0,530,232,370,-832,1047,298
2009-04-14,8285,1285,773,3095,4636,1044,0,547,240,512,-1541,1044,307
2009-04-21,8380,1331,864,3279,4584,1137,0,578,256,467,-1305,1137,322
2009-04-28,8363,1487,770,3301,4749,1145,0,573,253,717,-1448,1145,320
2009-05-05,8513,1902,776,2934,5043,1129,0,617,285,1126,-2109,1129,332
2009-05-12,8302,1673,832,3027,4458,1136,0,488,259,841,-1431,1136,229
2009-05-19,8334,1766,1157,2859,4118,1153,0,612,205,609,-1259,1153,407
2009-05-26,8992,1746,1516,3039,4210,1218,0,664,206,230,-1171,1218,458
2009-06-02,9836,1869,1419,2892,5075,1317,0,635,240,450,-2183,1317,395
2009-06-09,9597,1873,941,2701,5654,1429,0,652,226,932,-2953,1429,426
2009-06-16,9407,1907,998,2514,5399,1421,0,635,216,909,-2885,1421,419
2009-06-23,8933,1931,1195,2500,5211,1435,0,636,216,736,-2711,1435,420
2009-06-30,8446,1815,1334,2314,4682,1452,0,596,171,481,-2368,1452,425
2009-07-07,8361,1823,1215,2313,4876,1464,0,633,259,608,-2563,1464,374
2009-07-14,8780,1787,983,2171,5509,1552,0,611,284,804,-3338,1552,327
2009-07-21,8905,1930,886,2030,5861,1548,0,601,128,1044,-3831,1548,473
2009-07-28,10098,2458,720,1759,6743,1558,0,722,137,1738,-4984,1558,585
2009-08-04,10212,2548,241,1802,7372,1460,0,610,120,2307,-5570,1460,490
2009-08-11,11144,3088,259,2060,7796,1484,0,575,195,2829,-5736,1484,380
2009-08-18,11978,2647,412,3264,7924,1492,0,542,248,2235,-4660,1492,294
2009-08-25,12121,2290,751,4128,7994,1460,0,660,104,1539,-3866,1460,556
2009-09-01,11333,2419,827,3322,7889,1514,0,912,139,1592,-4567,1514,773
2009-09-08,11307,2504,773,3010,8082,1614,0,877,94,1731,-5072,1614,783
2009-09-15,11212,2433,735,3147,7867,1617,0,813,6,1698,-4720,1617,807
2009-09-22,11465,2410,898,3403,7773,1624,0,810,7,1512,-4370,1624,803
2009-09-29,11889,2251,1037,3937,7585,1614,0,653,100,1214,-3648,1614,553
2009-10-06,12277,2053,1409,4555,7786,1596,0,651,119,644,-3231,1596,532
2009-10-13,12912,2615,913,4065,8986,1622,0,732,110,1702,-4921,1622,622
2009-10-20,13047,2441,826,4220,9639,1687,0,752,129,1615,-5419,1687,623
2009-10-27,13368,2658,816,4403,10216,1696,0,609,173,1842,-5813,1696,436
2009-11-03,14957,3804,699,4059,12327,1848,0,1123,63,3105,-8268,1848,1060
2009-11-09,15574,4091,600,3735,12968,1939,0,1278,60,3491,-9233,1939,1218
2009-11-17,15440,4251,472,2889,13046,2108,0,1223,18,3779,-10157,2108,1205
2009-11-24,16186,4652,357,2565,13809,2104,0,1513,69,4295,-11244,2104,1444
2009-12-01,17633,4999,249,2605,14852,2173,0,1692,20,4750,-12247,2173,1672
2009-12-08,17701,4522,115,2606,15175,2311,0,2056,103,4407,-12569,2311,1953
2009-12-15,18790,4950,0,2538,15940,2413,0,2120,122,4950,-13402,2413,1998
2009-12-22,17311,3756,123,3379,14526,2282,0,2263,184,3633,-11147,2282,2079
2009-12-29,16821,3748,117,3347,13791,2381,0,2213,730,3631,-10444,2381,1483
2010-01-05,16296,3921,65,3255,13621,2477,0,2114,890,3856,-10366,2477,1224
2010-01-12,16445,3721,251,3635,13298,2511,0,1853,818,3470,-9663,2511,1035
2010-01-19,17077,3411,706,4314,12932,2532,0,1832,807,2705,-8618,2532,1025
2010-01-26,16223,2540,515,4702,12041,2513,0,2025,918,2025,-7339,2513,1107
2010-02-02,16349,2074,655,5125,12308,2400,0,2164,829,1419,-7183,2400,1335
2010-02-09,16737,2497,410,5325,12579,2404,0,1895,802,2087,-7254,2404,1093
2010-02-16,17187,2722,562,5534,12683,2368,0,1782,875,2160,-7149,2368,907
2010-02-23,17028,1716,618,5920,11435,2398,0,1899,919,1098,-5515,2398,980
2010-03-02,16198,1656,670,5626,10518,2395,0,1831,1224,986,-4892,2395,607
2010-03-09,15122,1592,689,5372,8860,2264,0,1758,1398,903,-3488,2264,360
2010-03-16,16095,1386,1505,6203,8921,2241,0,1758,1385,-119,-2718,2241,373
2010-03-23,16803,1575,1844,6511,9305,2257,0,1866,1387,-269,-2794,2257,479
2010-03-30,18221,1536,2012,7421,9829,2181,0,1812,1383,-476,-2408,2181,429
2010-04-06,19162,1868,2167,7637,10384,2137,0,1818,1384,-299,-2747,2137,434
2010-04-13,18740,1953,2037,6764,10114,2239,0,1928,1395,-84,-3350,2239,533
2010-04-20,19063,1927,2168,7227,9898,2243,0,1724,1405,-241,-2671,2243,319
2010-04-27,17680,1667,2574,6534,8737,2274,0,1861,1404,-907,-2203,2274,457
2010-05-04,16733,1852,2864,6327,8233,2260,0,1874,1302,-1012,-1906,2260,572
2010-05-11,16279,1672,2857,6378,7966,2204,0,1730,1419,-1185,-1588,2204,311
2010-05-18,16578,1709,2955,6533,7885,2147,0,1870,1416,-1246,-1352,2147,454
2010-05-25,16644,1716,3055,6749,8186,2077,0,1963,1371,-1339,-1437,2077,592
2010-06-01,16557,1489,2897,6514,7934,2029,0,1983,1289,-1408,-1420,2029,694
2010-06-08,16962,1651,2822,6944,8335,1855,0,1967,935,-1171,-1391,1855,1032
2010-06-15,16596,1601,2982,6581,8379,1885,0,2000,850,-1381,-1798,1885,1150
2010-06-22,16353,1541,2818,6328,8106,1797,0,1979,858,-1277,-1778,1797,1121
2010-06-29,15023,1628,2744,5752,7099,1837,0,1791,800,-1116,-1347,1837,991
2010-07-06,14762,1592,2662,5518,6944,1978,0,1324,917,-1070,-1426,1978,407
2010-07-13,15876,1878,2843,6239,7665,1843,0,1196,946,-965,-1426,1843,250
2010-07-20,16554,1996,3032,5639,7835,1908,0,1272,875,-1036,-2196,1908,397
2010-07-27,17201,2281,3008,5401,8799,2246,0,1447,883,-727,-3398,2246,564
2010-08-03,19383,2561,2881,5156,10115,2407,0,1634,899,-320,-4959,2407,735
2010-08-10,20189,2841,2702,4917,10711,2520,0,1524,877,139,-5794,2520,647
2010-08-17,20548,3314,2174,4328,11381,2688,0,1464,903,1140,-7053,2688,561
2010-08-24,21569,3321,2164,4021,12230,2684,0,2270,879,1157,-8209,2684,1391
2010-08-31,20133,3142,2427,3019,10767,2622,0,2641,1003,715,-7748,2622,1638
2010-09-07,19448,3341,2543,2914,10960,2553,0,2680,1208,798,-8046,2553,1472
2010-09-14,19981,3465,2395,2853,11312,2691,0,2848,1275,1070,-8459,2691,1573
2010-09-21,20050,3067,2269,2986,11326,2847,0,2472,1289,798,-8340,2847,1183
2010-09-28,20393,3073,2008,3110,12047,2835,0,2789,1278,1065,-8937,2835,1511
2010-10-05,19614,2934,1363,3574,11705,2835,0,2033,1279,1571,-8131,2835,754
2010-10-12,20090,2342,1115,3497,12646,3050,0,2599,1178,1227,-9149,3050,1421
2010-10-19,21115,2182,1076,3769,13202,3144,0,2480,1192,1106,-9433,3144,1288
2010-10-26,21464,2295,949,4022,14572,3276,0,2837,1189,1346,-10550,3276,1648
2010-11-02,20588,2438,611,3685,14229,3022,0,2697,1473,1827,-10544,3022,1224
2010-11-09,20982,2198,614,3959,14336,3095,0,2875,1434,1584,-10377,3095,1441
2010-11-16,19901,2275,817,5175,13305,2665,0,2015,1517,1458,-8130,2665,498
2010-11-23,19919,2134,814,5351,12992,2632,0,1901,1569,1320,-7641,2632,332
2010-11-30,20061,2205,814,5441,13231,2660,0,1997,1455,1391,-7790,2660,542
2010-12-07,20498,2509,817,4919,13811,2722,0,2427,1464,1692,-8892,2722,963
2010-12-14,20575,2350,746,4621,13888,2735,0,2476,1367,1604,-9267,2735,1109
2010-12-21,20829,2382,836,4652,13725,2728,0,2596,1434,1546,-9073,2728,1162
2010-12-28,20597,2347,906,4719,13624,2761,0,2456,1429,1441,-8905,2761,1027
2011-01-04,20316,3200,1615,4171,13644,2845,0,2355,1212,1585,-9473,2845,1143
2011-01-11,19920,3089,1462,4060,13424,2884,0,2266,1184,1627,-9364,2884,1082
2011-01-18,20797,3567,1426,3259,14243,3202,0,2511,1206,2141,-10984,3202,1305
2011-01-25,22208,4675,1272,3049,16261,3566,0,2230,1121,3403,-13212,3566,1109
2011-02-01,25473,5536,1298,2702,18584,4024,0,3087,1275,4238,-15882,4024,1812
2011-02-08,27150,6657,1185,2413,20650,4689,0,3166,1459,5472,-18237,4689,1707
2011-02-15,27772,6271,1156,2706,21342,4627,0,3812,1524,5115,-18636,4627,2288
2011-02-22,26822,5334,1156,2924,20722,4579,0,3838,1393,4178,-17798,4579,2445
2011-03-01,27175,3793,856,3194,19927,4825,0,4429,1633,2937,-16733,4825,2796
2011-03-08,27277,3945,1490,3402,19763,5003,0,4706,1559,2455,-16361,5003,3147
2011-03-15,25927,3327,1761,3751,17983,4941,0,3913,1378,1566,-14232,4941,2535
2011-03-22,26629,3531,1982,3827,18527,5120,0,3748,1362,1549,-14700,5120,2386
2011-03-29,26423,3626,1889,4003,18569,5201,0,3658,1361,1737,-14566,5201,2297
2011-04-05,26533,3927,1982,3912,18942,5213,0,3707,1362,1945,-15030,5213,2345
2011-04-12,26356,4036,2337,4360,18123,4904,0,3360,1488,1699,-13763,4904,1872
2011-04-19,25977,3865,2095,4238,18286,4890,0,3378,1368,1770,-14048,4890,2010
2011-04-26,26056,3952,2338,4357,18906,4893,0,3621,1268,1614,-14549,4893,2353
2011-05-03,25850,4726,1563,4260,19360,4659,0,3686,1341,3163,-15100,4659,2345
2011-05-10,24348,3764,1363,4758,18095,4690,0,2908,1097,2401,-13337,4690,1811
2011-05-17,24769,3733,1345,5185,18032,4696,0,2989,1257,2388,-12847,4696,1732
2011-05-24,24693,4012,824,5024,18507,4562,0,3389,1264,3188,-13483,4562,2125
2011-05-31,23885,4253,728,4321,17962,4578,0,3110,1302,3525,-13641,4578,1808
2011-06-07,22490,3790,728,4050,16746,4217,0,3052,1273,3062,-12696,4217,1779
2011-06-14,21823,3601,728,4050,15709,4250,0,2493,1391,2873,-11659,4250,1102
2011-06-21,20798,2249,929,4555,13857,4149,0,2039,1344,1320,-9302,4149,695
2011-06-28,18790,2087,1432,3983,11539,4011,0,1972,1265,655,-7556,4011,707
2011-07-05,18648,2190,1532,3904,11405,3938,0,2007,1361,658,-7501,3938,646
2011-07-12,18186,2147,756,3852,12214,3813,0,2016,1487,1391,-8362,3813,529
2011-07-19,18923,2762,565,3813,13149,3717,64,1812,1432,2197,-9336,3653,380
2011-07-26,19277,3229,565,3789,13646,3768,122,1628,1511,2664,-9857,3646,117
2011-08-02,19589,3046,565,3987,13066,3560,141,1437,1545,2481,-9079,3419,-108
2011-08-09,19377,2779,565,4037,12616,3293,174,1484,1633,2214,-8579,3119,-149
2011-08-16,20289,2947,610,4072,13275,3256,0,1478,1589,2337,-9203,3256,-111
2011-08-23,20546,3030,610,4195,13257,3368,0,1114,1645,2420,-9062,3368,-531
2011-08-30,20486,3344,610,3961,13676,3307,0,1430,1637,2734,-9715,3307,-207
2011-09-06,19086,4276,1196,3507,13396,3413,0,1507,1945,3080,-9889,3413,-438
2011-09-13,19262,4398,1246,3914,13575,3404,0,1512,2160,3152,-9661,3404,-648
2011-09-20,18711,4254,1187,4309,13061,3330,0,1045,2231,3067,-8752,3330,-1186
2011-09-27,18494,3279,1321,5840,12171,3003,0,877,2340,1958,-6331,3003,-1463
2011-10-04,19102,2791,1350,7131,11909,2562,0,1003,2387,1441,-4778,2562,-1384
2011-10-11,19391,2053,1236,7331,11446,2365,0,1189,2352,817,-4115,2365,-1163
2011-10-18,19867,2277,1319,6883,11444,2346,0,1244,2354,958,-4561,2346,-1110
2011-10-25,19082,2432,1228,6212,11606,2429,0,1261,2289,1204,-5394,2429,-1028
2011-11-01,18323,2695,1196,5763,11545,2555,0,1193,2168,1499,-5782,2555,-975
2011-11-08,17705,1901,1559,6645,11289,2348,87,1268,1758,342,-4644,2261,-490
2011-11-15,18790,1545,1850,6915,10176,2320,167,1448,2055,-305,-3261,2153,-607
2011-11-22,19429,1403,2228,7407,9251,2270,194,1402,2131,-825,-1844,2076,-729
2011-11-29,19846,1378,2872,7448,8669,2243,194,1336,2217,-1494,-1221,2049,-881
2011-12-06,19666,1570,3012,7328,8282,2275,337,1392,2022,-1442,-954,1938,-630
2011-12-13,19644,1484,3193,7526,7629,2255,337,1310,2009,-1709,-103,1918,-699
2011-12-20,19069,1582,3475,7349,7212,2198,306,1215,1973,-1893,137,1892,-758
2011-12-27,17429,1480,3606,6814,6491,2195,345,1215,2079,-2126,323,1850,-864
2012-01-03,15426,1508,3316,6170,6216,2233,345,1297,2040,-1808,-46,1888,-743
2012-01-10,14823,1418,3272,6134,6006,2254,345,1123,2145,-1854,128,1909,-1022
2012-01-17,14848,1553,3249,6245,6070,2259,345,1157,2241,-1696,175,1914,-1084
2012-01-24,14912,1481,3469,6041,5859,2271,345,1260,2184,-1988,182,1926,-924
2012-01-31,15641,1408,3930,6510,5598,2285,338,1269,2250,-2522,912,1947,-981
2012-02-07,16105,1408,4196,6370,5168,2265,338,1345,2229,-2788,1202,1927,-884
2012-02-14,15776,1738,3579,6190,5532,2249,338,1263,2280,-1841,658,1911,-1017
2012-02-21,16106,1669,3278,6330,5856,2263,338,1116,2525,-1609,474,1925,-1409
2012-02-28,15970,1715,3261,5363,5377,2296,354,1442,2631,-1546,-14,1942,-1189
2012-03-06,15095,1705,4242,5168,5340,2351,354,1855,1935,-2537,-172,1997,-80
2012-03-13,15201,1850,4286,5130,5309,2359,354,1916,2054,-2436,-179,2005,-138
2012-03-20,15083,1798,4164,4973,5444,2331,343,2090,2133,-2366,-471,1988,-43
2012-03-27,16350,2130,3683,5092,6751,2292,343,1967,1960,-1553,-1659,1949,7
2012-04-03,16971,1929,3417,5142,6705,2216,223,1915,1958,-1488,-1563,1993,-43
2012-04-10,17176,1927,3450,5022,6490,2213,143,1928,2112,-1523,-1468,2070,-184
2012-04-17,16166,2297,2445,4708,8273,2222,0,1973,2030,-148,-3565,2222,-57
2012-04-24,15955,2300,1917,4434,8989,2303,0,1842,2042,383,-4555,2303,-200
2012-05-01,14900,1980,2501,4477,7388,2178,0,1815,2084,-521,-2911,2178,-269
2012-05-08,14437,1886,2262,4638,6941,2092,206,1667,2331,-376,-2303,1886,-664
2012-05-15,14649,2004,1980,4494,7511,2045,65,1839,2340,24,-3017,1980,-501
2012-05-22,14333,1988,2289,4411,6738,1981,93,1567,2363,-301,-2327,1888,-796
2012-05-29,15262,1762,3350,5163,5539,1987,220,1529,2387,-1588,-376,1767,-858
2012-06-05,16849,1490,3866,6876,5304,1758,347,1535,2372,-2376,1572,1411,-837
2012-06-12,16908,1506,4281,7312,5206,1746,347,1408,2409,-2775,2106,1399,-1001
2012-06-19,17128,1579,4402,7057,5280,1727,347,1493,2167,-2823,1777,1380,-674
2012-06-26,15476,1618,3794,6609,5776,1713,290,1358,2135,-2176,833,1423,-777
2012-07-03,13684,1644,2564,5598,5464,1698,224,1306,2692,-920,134,1474,-1386
2012-07-10,13426,2182,2163,5246,6038,1677,120,1333,2923,19,-792,1557,-1590
2012-07-17,13498,2553,1943,5064,6753,1668,0,1191,2856,610,-1689,1668,-1665
2012-07-24,13786,2489,1986,5291,6815,1644,0,1217,2860,503,-1524,1644,-1643
2012-07-31,14307,2545,1656,5296,7635,1674,0,1239,2865,889,-2339,1674,-1626
2012-08-07,14748,3274,1633,5069,8288,1694,0,1111,2796,1641,-3219,1694,-1685
2012-08-14,14536,2893,1722,5471,8069,1671,0,1052,2741,1171,-2598,1671,-1689
2012-08-21,14787,2422,1545,5533,7969,1667,0,1203,2728,877,-2436,1667,-1525
2012-08-28,15049,2310,1624,5585,7916,1658,0,1033,2730,686,-2331,1658,-1697
2012-09-04,13813,2084,2706,5728,6811,1720,0,871,2421,-622,-1083,1720,-1550
2012-09-11,14775,1835,3503,6550,6590,1714,0,988,2360,-1668,-40,1714,-1372
2012-09-18,14628,1870,3488,6354,6589,1727,0,923,2328,-1618,-235,1727,-1405
2012-09-25,14910,1946,3624,6478,6624,1707,0,862,2374,-1678,-146,1707,-1512
2012-10-02,15672,2251,3342,6497,7319,1705,0,973,2250,-1091,-822,1705,-1277
2012-10-09,15937,2425,3236,6558,7585,1723,0,928,2281,-811,-1027,1723,-1353
2012-10-16,16182,2053,3207,7011,7613,1717,0,756,2217,-1154,-602,1717,-1461
2012-10-23,15709,1829,3159,6992,7666,1726,0,847,2175,-1330,-674,1726,-1328
2012-10-30,14918,1890,3269,6734,7456,1719,0,629,1674,-1379,-722,1719,-1045
2012-11-06,14240,1811,3146,6305,7087,1717,0,905,1831,-1335,-782,1717,-926
2012-11-13,14840,1707,3416,6720,7108,1707,0,926,1850,-1709,-388,1707,-924
2012-11-20,14974,1706,3600,6807,6960,1703,0,939,1821,-1894,-153,1703,-882
2012-11-27,14993,1775,3600,6725,7038,1701,0,1011,1821,-1825,-313,1701,-810
2012-12-04,15299,1932,3101,6390,7768,1695,0,1193,1821,-1169,-1378,1695,-628
2012-12-11,15595,2261,2661,6207,8375,1686,0,1294,1809,-400,-2168,1686,-515
2012-12-18,15751,2242,2293,6649,8515,1669,0,1171,1812,-51,-1866,1669,-641
2012-12-24,15763,1988,2506,6973,8761,1654,0,1188,1800,-518,-1788,1654,-612
2012-12-31,14783,1782,2614,6708,7376,1653,0,1119,2275,-832,-668,1653,-1156
2013-01-08,15049,1629,3009,7120,7190,1667,0,1186,2409,-1380,-70,1667,-1223
2013-01-15,15035,1495,3167,7023,6695,1669,0,1272,2461,-1672,328,1669,-1189
2013-01-22,14705,1378,3195,6895,6748,1657,0,1190,2486,-1817,147,1657,-1296
2013-01-29,15190,1509,2999,6983,7077,1656,0,1162,2587,-1490,-94,1656,-1425
2013-02-05,15160,2160,1839,6155,8427,1668,0,1235,2539,321,-2272,1668,-1304
2013-02-12,15084,2573,886,6020,9226,1671,0,729,2603,1687,-3206,1671,-1874
2013-02-19,15266,2511,868,5998,9604,1639,0,715,2444,1643,-3606,1639,-1729
2013-02-26,14757,2623,985,6052,9058,1527,0,691,2304,1638,-3006,1527,-1613
2013-03-05,13853,2366,2256,5465,7550,1632,0,735,1765,110,-2085,1632,-1030
2013-03-12,14552,1933,2612,6008,6896,1636,0,866,2092,-679,-888,1636,-1226
2013-03-19,16870,1441,3510,7804,5983,1557,0,1135,3246,-2069,1821,1557,-2111
2013-03-26,16900,1441,3724,7817,5808,1543,0,1202,3220,-2283,2009,1543,-2018
2013-04-02,15837,1393,3375,6875,6149,1561,0,1289,2585,-1982,726,1561,-1296
2013-04-09,14894,1690,2854,6628,6499,1419,0,704,1874,-1164,129,1419,-1170
2013-04-16,14164,1799,2321,6431,6703,1427,0,466,1542,-522,-272,1427,-1076
2013-04-23,14910,1774,2801,7095,6450,1397,0,445,1897,-1027,645,1397,-1452
2013-04-30,12289,1598,2904,5800,4749,1385,0,392,2159,-1306,1051,1385,-1767
2013-05-07,12145,1534,3051,5905,4692,1376,0,435,2308,-1517,1213,1376,-1873
2013-05-14,12094,1534,3140,5618,4642,1375,0,417,2163,-1606,976,1375,-1746
2013-05-21,12253,1591,3197,5585,4464,1359,0,345,2239,-1606,1121,1359,-1894
2013-05-28,12110,1580,3064,5408,4642,1362,0,220,2145,-1484,766,1362,-1925
2013-06-04,11928,1652,2976,5127,4529,1331,0,263,1987,-1324,598,1331,-1724
2013-06-11,11464,1764,2176,4984,5697,1330,0,211,1434,-412,-713,1330,-1223
2013-06-18,11062,1846,1484,4285,6823,1261,0,460,583,362,-2538,1261,-123
2013-06-25,10448,1481,1325,4482,6669,1188,0,314,486,156,-2187,1188,-172
2013-07-02,9642,1191,826,4143,5754,1151,0,438,1144,365,-1611,1151,-706
2013-07-09,11764,1152,1822,5521,5374,1146,0,554,2057,-670,147,1146,-1503
2013-07-16,12093,1408,1981,5736,5523,1147,0,263,2054,-573,213,1147,-1791
2013-07-23,11963,1404,1838,5746,5773,1140,0,221,2148,-434,-27,1140,-1927
2013-07-30,11504,1303,1147,5582,6055,1130,0,187,1805,156,-473,1130,-1618
2013-08-06,11204,1487,877,5328,6186,1117,0,170,1780,610,-858,1117,-1610
2013-08-13,12041,1446,1547,5883,5933,1116,0,187,1604,-101,-50,1116,-1417
2013-08-20,11415,1483,1563,5544,5934,1111,18,208,1815,-80,-390,1093,-1607
2013-08-27,10218,1516,999,5083,5847,1108,17,235,1808,517,-764,1091,-1573
2013-09-03,9843,1538,915,4708,5794,1156,20,253,1585,623,-1086,1136,-1332
2013-09-10,10079,1360,903,4994,5744,1172,4,227,1731,457,-750,1168,-1504
2013-09-17,9977,1348,830,4985,5759,1158,3,238,1651,518,-774,1155,-1413
2013-09-24,9590,1355,831,4688,5450,1130,0,194,1637,524,-762,1130,-1443
2013-10-01,11106,1258,1118,5329,5509,1145,0,171,1670,140,-180,1145,-1499
2013-10-08,12162,1037,1774,6152,5322,1122,0,200,1899,-737,830,1122,-1699
2013-10-15,11642,1001,1564,6298,5861,1099,0,196,1755,-563,437,1099,-1559
2013-10-22,10896,973,1413,5878,5407,1090,0,85,1659,-440,471,1090,-1574
2013-10-29,9088,930,1015,5124,4948,1109,0,78,1573,-85,176,1109,-1495
2013-11-05,9365,869,1268,5175,4901,1090,28,96,1584,-399,274,1062,-1488
2013-11-12,8714,855,962,4771,5273,1093,50,19,1089,-107,-502,1043,-1070
2013-11-19,8635,897,931,4573,5672,1063,23,8,518,-34,-1099,1040,-510
2013-11-26,8793,900,861,4560,6019,1055,17,94,217,39,-1459,1038,-123
2013-12-03,9284,914,751,4239,6243,952,16,376,130,163,-2004,936,246
2013-12-10,8262,874,743,3697,5238,997,6,326,7,131,-1541,991,319
2013-12-17,7613,787,753,3668,4766,997,0,93,224,34,-1098,997,-131
2013-12-24,7587,706,995,3783,4575,1009,0,114,394,-289,-792,1009,-280
2013-12-31,7131,699,1066,3684,4509,996,0,146,384,-367,-825,996,-238
2014-01-07,7086,695,1077,3489,4761,1008,0,100,15,-382,-1272,1008,85
2014-01-14,7359,688,1055,3333,4910,1002,0,423,63,-367,-1577,1002,360
2014-01-21,7439,689,893,3206,4975,1000,0,456,63,-204,-1769,1000,393
2014-01-28,7766,669,905,3526,5104,988,0,340,10,-236,-1578,988,330
2014-02-04,8587,721,973,4048,4881,978,0,99,188,-252,-833,978,-89
2014-02-11,8766,722,841,4189,4969,950,0,197,541,-119,-780,950,-344
2014-02-18,8489,722,776,3868,4985,930,0,250,437,-54,-1117,930,-187
2014-02-25,7941,1070,748,3452,5335,924,0,67,175,322,-1883,924,-108
2014-03-04,7786,939,700,3484,5228,944,0,103,415,239,-1744,944,-312
2014-03-11,8209,939,708,3711,5116,961,0,88,840,231,-1405,961,-752
2014-03-18,8435,769,748,3954,5235,967,0,83,908,21,-1281,967,-825
2014-03-25,8485,769,764,3786,5517,984,0,144,619,5,-1731,984,-475
2014-04-01,8982,805,761,3575,5922,1052,0,219,102,44,-2347,1052,117
2014-04-08,9411,798,687,3421,6352,1063,0,682,54,111,-2931,1063,628
2014-04-15,9372,926,613,3331,6269,1059,180,876,118,313,-2938,879,758
2014-04-22,9099,620,677,3479,5991,1065,180,836,105,-57,-2512,885,731
2014-04-29,8549,567,701,3258,5893,1076,180,779,55,-134,-2635,896,724
2014-05-06,8630,570,714,3065,5859,1076,180,1089,0,-144,-2794,896,1089
2014-05-13,8919,567,721,3318,5884,1072,180,1177,8,-154,-2566,892,1169
2014-05-20,9293,562,787,3462,5888,1021,180,1197,9,-225,-2426,841,1188
2014-05-27,8841,553,825,3171,5285,997,180,1089,9,-272,-2114,817,1080
2014-06-03,9421,654,1007,3989,5111,1015,180,716,145,-353,-1122,835,571
2014-06-10,10514,580,1224,4864,4705,1006,180,401,729,-644,159,826,-328
2014-06-17,10678,734,1231,4642,4860,1000,180,446,822,-497,-218,820,-376
2014-06-24,9729,732,1183,4233,4259,1005,180,435,864,-451,-26,825,-429
2014-07-01,8787,674,1292,3665,3373,1030,0,375,981,-618,292,1030,-606
2014-07-08,8726,673,1359,3625,3499,1064,0,404,962,-686,126,1064,-558
2014-07-15,9511,605,1345,4097,3534,1060,0,339,1092,-740,563,1060,-753
2014-07-22,9284,520,1319,4011,3310,1057,0,355,1164,-799,701,1057,-809
2014-07-29,9670,519,1324,4221,3460,1055,0,331,1336,-805,761,1055,-1005
2014-08-05,10908,520,1384,4676,3384,1000,0,358,1762,-864,1292,1000,-1404
2014-08-12,10801,519,1381,5010,3567,1012,0,404,2125,-862,1443,1012,-1721
2014-08-19,10211,519,1211,4949,3240,935,13,319,2483,-692,1709,922,-2164
2014-08-26,9384,520,1330,5104,3235,974,9,472,2434,-810,1869,965,-1962
2014-09-02,9509,571,1346,5084,2808,991,0,412,2838,-775,2276,991,-2426
2014-09-09,9918,554,1421,5169,2623,956,0,405,2898,-867,2546,956,-2493
2014-09-16,9994,505,1473,5065,2526,950,6,484,2937,-968,2539,944,-2453
2014-09-23,9939,503,1438,5000,2343,951,3,501,3035,-935,2657,948,-2534
2014-09-30,11763,433,1499,5154,2919,867,2,753,2952,-1066,2235,865,-2199
2014-10-07,11752,537,1484,5253,2905,879,10,603,2695,-947,2348,869,-2092
2014-10-14,12068,543,1385,5408,3205,872,8,585,2660,-842,2203,864,-2075
2014-10-21,11682,541,1305,5921,3798,868,0,656,2591,-764,2123,868,-1935
2014-10-28,10425,541,1337,5269,2905,893,0,372,2563,-796,2364,893,-2191
2014-11-04,10341,501,1305,5272,2194,884,76,250,2707,-804,3078,808,-2457
2014-11-11,10531,511,1301,5506,2270,868,128,280,2803,-790,3236,740,-2523
2014-11-18,10620,498,1393,5585,2323,867,141,241,2906,-895,3262,726,-2665
2014-11-25,10315,497,1376,5417,2385,861,131,230,2935,-879,3032,730,-2705
2014-12-02,11151,480,1407,5325,2426,818,100,390,2898,-927,2899,718,-2508
2014-12-09,10932,475,1355,5127,2498,750,100,392,2803,-880,2629,650,-2411
2014-12-16,11110,474,1314,5177,2489,702,100,352,2685,-840,2688,602,-2333
2014-12-23,10275,472,1288,5403,2772,685,100,382,2835,-816,2631,585,-2453
2014-12-30,9733,465,1289,5480,2678,649,100,361,2890,-824,2802,549,-2529
2015-01-06,9283,409,1665,5467,2409,671,100,378,2866,-1256,3058,571,-2488
2015-01-13,8903,403,1653,5472,1857,665,100,364,3184,-1250,3615,565,-2820
2015-01-20,9242,416,1625,5690,1879,658,100,339,3363,-1209,3811,558,-3024
2015-01-27,9624,415,1644,5663,1738,614,100,387,3379,-1229,3925,514,-2992
2015-02-03,11032,399,1675,5889,2021,554,100,278,3293,-1276,3868,454,-3015
2015-02-10,11232,400,1649,5801,2148,601,100,239,3155,-1249,3653,501,-2916
2015-02-17,10577,399,1577,5668,2224,598,100,284,3066,-1178,3444,498,-2782
2015-02-24,9608,468,1676,5105,1927,597,0,318,2998,-1208,3178,597,-2680
2015-03-03,9539,469,1343,5230,1635,621,179,342,3430,-874,3595,442,-3088
2015-03-10,9472,444,1373,5278,1570,619,179,331,3486,-929,3708,440,-3155
2015-03-17,9359,427,1488,5180,1619,617,179,339,3513,-1061,3561,438,-3174
2015-03-24,9435,483,1374,4910,1873,622,179,296,3373,-891,3037,443,-3077
2015-03-31,9975,442,1394,5019,1737,542,179,347,3337,-952,3282,363,-2990
2015-04-07,10823,431,1345,5183,1753,594,179,344,3362,-914,3430,415,-3018
2015-04-14,11998,414,1373,5490,1343,594,179,259,3694,-959,4147,415,-3435
2015-04-21,12277,355,1453,5964,1746,594,179,321,3765,-1098,4218,415,-3444
2015-04-28,11749,356,1601,6014,1874,593,0,277,3768,-1245,4140,593,-3491
2015-05-05,11343,367,1484,5991,1691,661,0,310,3934,-1117,4300,661,-3624
2015-05-12,11885,399,1637,6081,1774,591,0,373,4183,-1238,4307,591,-3810
2015-05-19,11878,470,1620,5800,1796,587,0,420,4159,-1150,4004,587,-3739
2015-05-26,12306,514,1750,5906,1989,631,0,381,4091,-1236,3917,631,-3710
2015-06-02,12941,631,1800,5740,1958,648,0,491,4149,-1169,3782,648,-3658
2015-06-09,12753,582,1534,5484,2058,632,0,380,3847,-952,3426,632,-3467
2015-06-16,11841,678,1461,5503,2097,582,0,383,3968,-783,3406,582,-3585
2015-06-23,10397,731,1540,4963,1780,592,0,495,3871,-809,3183,592,-3376
2015-06-30,10184,769,1355,4629,2343,608,0,473,3552,-586,2286,608,-3079
2015-07-07,10126,828,1184,4516,2166,607,11,511,4005,-356,2350,596,-3494
2015-07-14,10111,1002,1138,4217,2760,607,12,521,3425,-136,1457,595,-2904
2015-07-21,9890,1007,1123,3931,2803,605,12,544,3097,-116,1128,593,-2553
2015-07-28,9719,963,1078,3851,2807,593,12,490,2956,-115,1044,581,-2466
2015-08-04,11121,1101,804,3914,3494,513,12,543,2684,297,420,501,-2141
2015-08-11,12171,1096,804,4116,4156,400,12,556,2432,292,-40,388,-1876
2015-08-18,12393,1158,818,3961,4212,399,12,611,2448,340,-251,387,-1837
2015-08-25,12260,868,810,4494,4344,389,12,482,2463,58,150,377,-1981
2015-09-01,10867,860,916,4550,4457,354,12,582,2162,-56,93,342,-1580
2015-09-08,11020,952,918,4541,4470,350,12,709,2554,34,71,338,-1845
2015-09-15,12247,1147,917,4718,5527,343,12,1152,2454,230,-809,331,-1302
2015-09-22,12421,1129,917,4770,5559,344,12,1388,2642,212,-789,332,-1254
2015-09-29,12984,1092,982,4537,6145,331,12,1718,2663,110,-1608,319,-945
2015-10-06,13928,1007,1004,4822,6583,372,7,2204,2756,3,-1761,365,-552
2015-10-13,13821,823,884,5122,6552,369,7,2079,2739,-61,-1430,362,-660
2015-10-20,14403,540,914,6293,6697,371,7,1298,2607,-374,-404,364,-1309
2015-10-27,13433,571,1095,6936,6337,372,7,695,2536,-524,599,365,-1841
2015-11-03,12913,530,1121,6464,5995,412,7,536,1969,-591,469,405,-1433
2015-11-10,13497,506,1070,7108,6450,411,7,414,1719,-564,658,404,-1305
2015-11-17,13449,532,1044,6878,6543,411,7,479,1537,-512,335,404,-1058
2015-11-24,13146,558,959,6629,6325,408,7,469,1568,-401,304,401,-1099
2015-12-01,13846,521,892,6918,6344,319,7,430,1736,-371,574,312,-1306
2015-12-08,15828,440,983,8031,6654,306,7,749,2349,-543,1377,299,-1600
2015-12-15,17109,638,996,8502,6917,268,7,723,2646,-358,1585,261,-1923
2015-12-22,17799,612,1055,8687,6897,217,7,711,3023,-443,1790,210,-2312
2015-12-29,15147,711,928,7588,5872,217,7,641,3022,-217,1716,210,-2381
2016-01-05,14321,806,1105,7416,5726,212,10,566,2878,-299,1690,202,-2312
2016-01-12,14391,938,1173,7115,5787,261,10,613,2894,-235,1328,251,-2281
2016-01-19,14655,840,1226,7465,5688,264,10,517,2835,-386,1777,254,-2318
2016-01-26,14264,799,1287,7680,5362,272,10,453,3125,-488,2318,262,-2672
2016-02-02,14172,821,1276,7766,5559,265,10,453,3047,-455,2207,255,-2594
2016-02-09,14576,762,1338,8157,5550,261,10,408,3192,-576,2607,251,-2784
2016-02-16,14449,765,1135,7958,5417,260,10,442,3198,-370,2541,250,-2756
2016-02-23,12818,754,1400,7352,4789,258,10,466,3237,-646,2563,248,-2771
2016-03-01,12455,908,1387,7311,4805,269,0,650,3270,-479,2506,269,-2620
2016-03-08,12826,949,1526,7287,4909,269,200,829,3152,-577,2378,69,-2323
2016-03-15,13440,1048,1545,7547,5075,268,200,665,3033,-497,2472,68,-2368
2016-03-22,13637,1057,1611,7490,5052,261,200,663,3067,-554,2438,61,-2404
2016-03-29,13758,1034,1700,7558,4775,261,200,637,3237,-666,2783,61,-2600
2016-04-05,13913,937,1551,7689,5438,290,100,674,2982,-614,2251,190,-2308
2016-04-12,14005,986,1381,7600,5516,284,100,717,3030,-395,2084,184,-2313
2016-04-19,13105,877,1052,7148,5273,283,50,524,2719,-175,1875,233,-2195
2016-04-26,11476,1155,916,6174,5471,283,50,429,2067,239,703,233,-1638
2016-05-03,10570,1239,610,5684,5994,296,50,407,1498,629,-310,246,-1091
2016-05-10,10274,1268,601,5182,6255,295,0,454,1188,667,-1073,295,-734
2016-05-17,11116,1445,492,4934,7284,303,0,410,841,953,-2350,303,-431
2016-05-24,10890,1470,507,4825,7313,304,0,390,635,963,-2488,304,-245
2016-05-31,10880,1454,573,5024,6844,305,0,414,810,881,-1820,305,-396
2016-06-07,10942,1513,583,4888,6941,307,0,597,873,930,-2053,307,-276
2016-06-14,10976,1620,724,4702,6884,326,0,561,744,896,-2182,326,-183
2016-06-21,11036,1476,608,4935,6843,319,0,611,801,868,-1908,319,-190
2016-06-28,10223,1148,737,4774,5842,307,0,909,1099,411,-1068,307,-190
2016-07-05,10302,1298,1059,4775,5498,309,0,920,1099,239,-723,309,-179
2016-07-12,10302,1246,1063,4788,5478,315,0,929,1069,183,-690,315,-140
2016-07-19,10720,1138,1145,4979,5403,316,0,969,1258,-7,-424,316,-289
2016-07-26,10436,1047,1491,5087,4572,309,0,835,1575,-444,515,309,-740
2016-08-02,12115,1171,2344,5936,4157,319,0,958,2139,-1173,1779,319,-1181
2016-08-09,12732,1090,2638,6578,4439,311,0,1138,2354,-1548,2139,311,-1216
2016-08-16,11850,1083,2208,6348,4458,306,0,1189,2183,-1125,1890,306,-994
2016-08-23,11236,1083,2138,5939,4125,321,0,1042,2118,-1055,1814,321,-1076
2016-08-30,10986,1124,2273,5765,3728,303,0,1103,2338,-1149,2037,303,-1235
2016-09-06,11603,1114,2512,6094,3738,301,0,1212,2621,-1398,2356,301,-1409
2016-09-13,12186,1114,2626,6135,3702,299,0,1247,2730,-1512,2433,299,-1483
2016-09-20,12296,1114,2606,6255,3795,301,0,1313,2715,-1492,2460,301,-1402
2016-09-27,11523,1115,2621,5955,2847,299,0,1164,3058,-1506,3108,299,-1894
2016-10-04,11869,1119,2586,5892,2961,298,0,1174,3004,-1467,2931,298,-1830
2016-10-11,12007,1045,2540,5997,3296,302,0,1173,2829,-1495,2701,302,-1656
2016-10-18,11693,817,2081,6068,3397,301,0,1056,2571,-1264,2671,301,-1515
2016-10-25,10746,817,2390,6286,3446,302,0,1011,2523,-1573,2840,302,-1512
2016-11-01,10805,713,2185,6465,3501,298,0,931,2553,-1472,2964,298,-1622
2016-11-08,11468,713,2485,6610,3595,294,0,976,2878,-1772,3015,294,-1902
2016-11-15,12351,713,3014,6985,3547,295,0,1086,3005,-2301,3438,295,-1919
2016-11-22,12613,713,3057,7105,3735,293,0,1068,2987,-2344,3370,293,-1919
2016-11-29,12595,713,2911,7079,3807,299,0,1016,3082,-2198,3272,299,-2066
2016-12-06,12957,713,2622,7011,4069,309,0,1108,3016,-1909,2942,309,-1908
2016-12-13,13203,713,2402,6899,4130,308,0,1228,3067,-1689,2769,308,-1839
2016-12-20,12610,713,2290,7011,4341,306,0,1256,3097,-1577,2670,306,-1841
2016-12-27,12049,655,2381,6838,3505,305,0,1176,3733,-1726,3333,305,-2557
2017-01-03,11968,655,2581,6778,3293,313,250,1478,3787,-1926,3485,63,-2309
2017-01-10,11985,655,2485,6988,3538,312,250,1333,3483,-1830,3450,62,-2150
2017-01-17,11907,655,2223,6726,3369,312,526,1313,3421,-1568,3357,-214,-2108
2017-01-24,11664,655,2863,6221,3146,310,526,1371,2706,-2208,3075,-216,-1335
2017-01-31,12096,655,3059,6174,3087,306,526,1383,2706,-2404,3087,-220,-1323
2017-02-07,12607,655,3158,6292,3364,302,526,1399,2752,-2503,2928,-224,-1353
2017-02-14,12640,655,3188,6266,3405,302,517,1361,2720,-2533,2861,-215,-1359
2017-02-21,12862,655,3245,6161,3415,302,517,1285,2726,-2590,2746,-215,-1441
2017-02-28,12248,655,3453,6234,3553,308,592,1321,2117,-2798,2681,-284,-796
2017-03-07,12205,665,3305,5992,3517,313,749,1271,2034,-2640,2475,-436,-763
2017-03-14,11717,699,2874,5843,3523,313,749,1381,1956,-2175,2320,-436,-575
2017-03-21,11879,841,3046,5701,3850,308,742,1396,1790,-2205,1851,-434,-394
2017-03-28,11619,910,2817,5340,3694,305,742,1280,1702,-1907,1646,-437,-422
2017-04-04,11113,1103,2037,4780,4160,282,826,1270,1605,-934,620,-544,-335
2017-04-11,10802,1194,1395,4551,4797,282,785,1094,1270,-201,-246,-503,-176
2017-04-18,10129,1240,985,4458,4951,285,740,944,1182,255,-493,-455,-238
2017-04-25,10168,1035,2283,4730,3728,285,463,955,1449,-1248,1002,-178,-494
2017-05-02,11746,1051,3349,5578,3625,292,398,1025,1792,-2298,1953,-106,-767
2017-05-09,11841,1078,3354,5560,3553,292,387,1013,1795,-2276,2007,-95,-782
2017-05-16,10037,1219,1479,4660,4147,292,418,849,1501,-260,513,-126,-652
2017-05-23,10492,1396,865,4650,4861,292,524,923,1286,531,-211,-232,-363
2017-05-30,10422,1539,694,4400,4915,286,508,882,1235,845,-515,-222,-353
2017-06-06,10262,1865,619,3973,4901,234,487,833,1308,1246,-928,-253,-475
2017-06-13,10831,2074,631,4095,5405,234,517,848,1310,1443,-1310,-283,-462
2017-06-20,11211,2308,570,4122,5741,232,535,1011,1449,1738,-1619,-303,-438
2017-06-27,10117,2423,625,3811,5627,233,0,652,1367,1798,-1816,233,-715
2017-07-03,10079,2670,606,3739,5370,217,0,646,1637,2064,-1631,217,-991
2017-07-11,10436,2701,503,3709,5237,221,0,670,2130,2198,-1528,221,-1460
2017-07-18,10492,2533,476,4077,5799,220,92,614,1985,2057,-1722,128,-1371
2017-07-25,10833,2402,348,4140,6244,220,0,837,2040,2054,-2104,220,-1203
2017-08-01,11163,2355,243,4260,6670,216,0,785,1953,2112,-2410,216,-1168
2017-08-08,11045,2535,154,3971,6610,220,0,729,1792,2381,-2639,220,-1063
2017-08-15,11009,2472,112,3934,6774,220,91,702,1816,2360,-2840,129,-1114
2017-08-22,10781,2475,93,3670,6320,219,91,729,1874,2382,-2650,128,-1145
2017-08-29,10917,2704,68,4010,6838,219,116,696,1810,2636,-2828,103,-1114
2017-09-05,10685,2972,118,3760,7125,148,116,905,1604,2854,-3365,32,-699
2017-09-12,11337,2956,201,4254,7292,148,116,890,1872,2755,-3038,32,-982
2017-09-19,11556,2939,259,4551,7282,148,131,909,2057,2680,-2731,17,-1148
2017-09-26,11398,2281,411,5315,7042,147,56,634,1806,1870,-1727,91,-1172
2017-10-03,11412,1669,443,5679,6926,156,0,520,1651,1226,-1247,156,-1131
2017-10-10,11239,1353,443,5741,6710,158,0,691,1645,910,-969,158,-954
2017-10-17,11065,1221,371,5596,6787,158,0,653,1647,850,-1191,158,-994
2017-10-24,11551,1254,371,6247,6940,158,0,658,1819,883,-693,158,-1161
2017-10-31,10658,751,821,6634,6539,209,0,625,1236,-70,95,209,-611
2017-11-07,11176,615,1258,7074,5995,162,0,540,1604,-643,1079,162,-1064
2017-11-14,11934,523,1591,7748,6025,162,0,533,1681,-1068,1723,162,-1148
2017-11-21,11887,525,1041,7774,6646,162,0,659,1657,-516,1128,162,-998
2017-11-28,11095,527,747,7004,6426,162,0,745,1630,-220,578,162,-885
2017-12-05,11328,708,481,6923,6782,152,0,779,1743,227,141,152,-964
2017-12-12,11463,697,481,6875,6783,151,0,756,1623,216,92,151,-867
2017-12-19,11850,661,792,7348,6690,151,0,709,1711,-131,658,151,-1002
2017-12-26,10613,664,877,6580,6115,151,0,701,1442,-213,465,151,-741
2018-01-02,10088,550,1569,6521,5598,157,0,782,1036,-1019,923,157,-254
2018-01-09,10571,473,1967,6843,5582,157,0,809,985,-1494,1261,157,-176
2018-01-16,10468,368,1810,6743,5734,157,0,815,985,-1442,1009,157,-170
2018-01-23,10041,364,1700,6035,5351,167,0,841,823,-1336,684,167,18
2018-01-30,10251,420,1572,6037,5749,168,0,861,909,-1152,288,168,-48
2018-02-06,10374,599,1295,5820,5882,167,0,869,887,-696,-62,167,-18
2018-02-13,10194,650,1014,5758,5848,167,0,711,888,-364,-90,167,-177
2018-02-20,10298,529,1374,5837,5268,167,26,663,860,-845,569,141,-197
2018-02-27,9928,508,2006,6090,5078,173,26,477,664,-1498,1012,147,-187
2018-03-06,8503,353,1295,4202,4759,183,26,578,110,-942,-557,157,468
2018-03-13,8409,343,1276,4311,4653,180,26,553,110,-933,-342,154,443
2018-03-20,8427,324,1306,4269,4589,179,26,539,118,-982,-320,153,421
2018-03-27,8541,252,1389,4553,4722,177,26,549,125,-1137,-169,151,424
2018-04-03,8595,240,1289,4504,4738,166,26,551,110,-1049,-234,140,441
2018-04-10,9072,493,951,4658,5800,166,26,640,205,-458,-1142,140,435
2018-04-17,9914,1138,728,4657,7005,166,26,638,277,410,-2348,140,361
2018-04-24,9483,1460,568,3894,6820,172,0,541,304,892,-2926,172,237
2018-05-01,9307,1292,371,3880,6808,175,0,579,279,921,-2928,175,300
2018-05-08,9343,1129,442,3797,6654,175,0,611,166,687,-2857,175,445
2018-05-15,8905,625,477,3985,5731,186,0,514,243,148,-1746,186,271
2018-05-22,9066,581,1159,4088,4981,246,0,632,243,-578,-893,246,389
2018-05-29,10073,376,1649,5281,4585,363,0,620,306,-1273,696,363,314
2018-06-05,11436,249,3139,6109,4116,391,0,725,246,-2890,1993,391,479
2018-06-12,12451,244,4154,6548,3999,441,0,922,199,-3910,2549,441,723
2018-06-19,11790,359,3955,5992,3985,429,0,966,165,-3596,2007,429,801
2018-06-26,8629,446,3027,4621,3612,194,0,962,130,-2581,1009,194,832
2018-07-03,7682,354,2273,4425,3806,176,0,881,322,-1919,619,176,559
2018-07-10,8326,544,1171,4699,5454,176,0,881,326,-627,-755,176,555
2018-07-17,8367,938,973,4251,5496,175,0,739,349,-35,-1245,175,390
2018-07-24,8773,1382,844,4223,5896,175,0,755,339,538,-1673,175,416
2018-07-31,9010,1729,961,4202,6074,171,0,625,327,768,-1872,171,298
2018-08-07,9046,1694,1013,4175,5736,164,0,579,340,681,-1561,164,239
2018-08-14,8712,725,1292,4661,4844,164,0,556,309,-567,-183,164,247
2018-08-21,8948,582,1870,4987,4630,162,0,545,102,-1288,357,162,443
2018-08-28,7605,594,2160,4640,3641,162,0,396,293,-1566,999,162,103
2018-09-04,7660,614,2062,4722,3682,171,0,468,384,-1448,1040,171,84
2018-09-11,8123,537,2108,5040,3719,172,0,465,539,-1571,1321,172,-74
2018-09-18,8320,534,2341,5218,3429,171,0,420,607,-1807,1789,171,-187
2018-09-25,8964,412,3231,5315,2877,171,0,425,614,-2819,2438,171,-189
2018-10-02,9774,323,3678,5672,2784,237,0,693,621,-3355,2888,237,72
2018-10-09,9013,351,2631,5136,3110,237,0,645,696,-2280,2026,237,-51
2018-10-16,8954,370,2364,5224,4104,238,0,663,32,-1994,1120,238,631
2018-10-23,9410,494,2185,5483,4748,238,0,750,59,-1691,735,238,691
2018-10-30,9137,471,2360,5809,4770,235,0,687,23,-1889,1039,235,664
2018-11-06,9020,449,2487,5768,4829,223,0,614,6,-2038,939,223,608
2018-11-13,9133,338,2392,6061,5073,221,0,637,5,-2054,988,221,632
2018-11-20,8703,284,1994,5792,4986,221,0,564,17,-1710,806,221,547
2018-11-27,8432,230,1996,5516,4792,219,0,588,21,-1766,724,219,567
2018-12-04,8464,253,1680,5444,4849,203,0,559,16,-1427,595,203,543
2018-12-11,8251,233,1733,5494,4487,151,0,666,16,-1500,1007,151,650
2018-12-18,8282,0,2269,5356,3974,151,0,830,17,-2269,1382,151,813
2018-12-24,7831,0,2462,5496,3889,151,0,704,6,-2462,1607,151,698
2018-12-31,7537,0,3059,5150,3037,218,0,770,3,-3059,2113,218,767
2019-01-08,7829,0,3444,5552,2905,218,0,809,57,-3444,2647,218,752
2019-01-15,7918,0,3365,5698,3170,218,0,725,74,-3365,2528,218,651
2019-01-22,7858,0,3299,5577,3047,217,0,734,216,-3299,2530,217,518
2019-01-29,7500,0,2899,5093,2830,153,0,698,244,-2899,2263,153,454
2019-02-05,7639,0,2954,5041,2915,148,0,721,246,-2954,2126,148,475
2019-02-12,8456,0,3436,5548,2751,147,0,678,219,-3436,2797,147,459
2019-02-19,10479,0,4684,6384,2663,146,0,876,285,-4684,3721,146,591
2019-02-26,9368,90,4688,6114,2614,146,0,744,214,-4598,3500,146,530
2019-03-05,9021,73,4688,5963,2379,148,0,689,211,-4615,3584,148,478
2019-03-12,8470,0,3967,5583,2542,148,0,648,233,-3967,3041,148,415
2019-03-19,8537,69,3799,5714,2711,148,0,530,263,-3730,3003,148,267
2019-03-26,9675,301,2142,6202,4772,148,0,529,591,-1841,1430,148,-62
2019-04-02,8763,289,1689,5662,4713,144,0,435,577,-1400,949,144,-142
2019-04-09,8322,111,2300,5420,3271,144,0,466,650,-2189,2149,144,-184
2019-04-16,8612,110,2964,5511,3192,145,0,480,369,-2854,2319,145,111
2019-04-23,8674,110,3110,5606,3022,144,0,397,437,-3000,2584,144,-40
2019-04-30,7786,0,3401,5218,2150,148,0,463,191,-3401,3068,148,272
2019-05-07,7949,137,3572,5282,2330,151,0,606,325,-3435,2952,151,281
2019-05-14,7508,197,2728,4812,2502,150,0,450,550,-2531,2310,150,-100
2019-05-21,7352,197,2224,4674,2802,150,0,491,660,-2027,1872,150,-169
2019-05-28,8218,663,1397,4405,4132,150,90,563,737,-734,273,60,-174
2019-06-04,8732,1101,745,4386,4984,127,160,511,873,356,-598,-33,-362
2019-06-11,8741,1483,665,3736,4966,127,160,459,873,818,-1230,-33,-414
2019-06-18,9225,1702,701,3956,5309,126,160,437,840,1001,-1353,-34,-403
2019-06-25,7764,1290,757,3546,4283,126,0,230,777,533,-737,126,-547
2019-07-02,6361,722,788,3179,3363,132,0,303,967,-66,-184,132,-664
2019-07-09,6535,572,768,3601,3656,136,0,311,938,-196,-55,136,-627
2019-07-16,7556,1094,679,4017,4418,136,0,239,925,415,-401,136,-686
2019-07-23,8016,1500,430,3924,4868,135,0,247,958,1070,-944,135,-711
2019-07-30,9757,2589,430,3713,6456,130,0,612,1003,2159,-2743,130,-391
2019-08-06,9137,1946,430,4322,5696,116,0,290,978,1516,-1374,116,-688
2019-08-13,9187,1202,532,4770,5259,115,246,325,946,670,-489,-131,-621
2019-08-20,10438,653,1516,5718,4762,114,246,306,896,-863,956,-132,-590
2019-08-27,10003,280,2060,6307,4347,114,246,388,822,-1780,1960,-132,-434
2019-09-03,9211,333,1243,5785,4579,116,246,336,846,-910,1206,-130,-510
2019-09-10,9189,366,650,5476,5124,115,246,291,947,-284,352,-131,-656
2019-09-17,10792,1483,371,5515,6620,115,246,296,1142,1112,-1105,-131,-846
2019-09-24,11688,2468,387,5452,7037,114,246,349,1401,2081,-1585,-132,-1052
2019-10-01,11642,2134,403,5563,6839,111,246,362,1455,1731,-1276,-135,-1093
2019-10-08,11178,1164,637,5862,6585,110,246,430,1071,527,-723,-136,-641
2019-10-15,11041,954,528,6022,6386,110,246,410,1191,426,-364,-136,-781
2019-10-22,11020,903,597,6043,6348,109,246,525,1187,306,-305,-137,-662
2019-10-29,9860,727,1033,6280,5798,109,246,505,1008,-306,482,-137,-503
2019-11-05,9711,727,1153,5911,5706,120,246,522,606,-426,205,-126,-84
2019-11-12,9857,717,1260,5941,5802,120,162,662,693,-543,139,-42,-31
2019-11-19,10150,589,1497,6195,5714,120,110,637,697,-908,481,10,-60
2019-11-26,10136,755,1038,6038,5964,119,110,489,900,-283,74,9,-411
2019-12-03,10386,1712,667,5413,6800,112,110,400,937,1045,-1387,2,-537
2019-12-10,10740,2051,680,5259,7148,111,110,425,912,1371,-1889,1,-487
2019-12-17,11509,2528,700,5214,7593,110,110,426,1025,1828,-2379,0,-599
2019-12-24,12330,3723,760,4757,8286,110,0,482,1045,2963,-3529,110,-563
2019-12-31,11002,4202,817,3379,7373,167,0,579,1037,3385,-3994,167,-458
2020-01-07,11326,4821,845,3411,7511,166,0,450,1022,3976,-4100,166,-572
2020-01-14,12054,4777,959,3658,7906,108,0,456,1049,3818,-4248,108,-593
2020-01-21,12511,4858,1009,3631,8017,108,0,479,1065,3849,-4386,108,-586
2020-01-28,13757,4965,1028,4441,8782,108,0,576,1116,3937,-4341,108,-540
2020-02-04,13907,5268,1033,4366,8667,93,0,580,1132,4235,-4301,93,-552
2020-02-11,15141,5796,1061,4859,9632,92,0,690,1278,4735,-4773,92,-588
2020-02-18,14764,5373,928,4926,9213,92,0,606,1176,4445,-4287,92,-570
2020-02-25,14353,5586,928,5029,9072,92,0,671,1200,4658,-4043,92,-529
2020-03-03,14494,5588,928,5180,9087,87,0,615,1247,4660,-3907,87,-632
2020-03-10,13219,3366,1061,5964,7529,86,0,720,1217,2305,-1565,86,-497
2020-03-17,12429,2389,884,5740,7420,84,0,997,1247,1505,-1680,84,-250
2020-03-24,12314,2085,845,6071,8670,80,0,954,69,1240,-2599,80,885
2020-03-31,12885,2153,845,6497,9234,0,0,851,63,1308,-2737,0,788
2020-04-07,13516,2472,845,6366,9619,66,0,874,95,1627,-3253,66,779
2020-04-14,13489,2532,845,6117,9506,70,0,886,94,1687,-3389,70,792
2020-04-21,14998,2651,845,6911,10653,166,0,1036,135,1806,-3742,166,901
2020-04-28,13394,2900,845,5652,9922,168,0,1210,65,2055,-4270,168,1145
2020-05-05,13341,2774,700,5669,9804,62,0,1154,87,2074,-4135,62,1067
2020-05-12,13508,2665,700,5533,9645,132,0,1184,163,1965,-4112,132,1021
2020-05-19,13488,2522,700,5617,9588,158,0,1129,135,1822,-3971,158,994
2020-05-26,13557,2479,726,5434,9773,60,0,1216,24,1753,-4339,60,1192
2020-06-02,14469,1926,605,5855,10044,78,0,1454,127,1321,-4189,78,1327
2020-06-09,14507,1505,544,6179,10161,78,0,1475,60,961,-3982,78,1415
2020-06-16,12772,1284,467,5920,9171,78,0,1036,10,817,-3251,78,1026
2020-06-23,12350,1469,467,5425,8797,166,0,1092,57,1002,-3372,166,1035
2020-06-30,11154,2201,467,5074,8697,192,0,822,33,1734,-3623,192,789
2020-07-07,11150,2410,467,4946,8647,200,0,870,8,1943,-3701,200,862
2020-07-14,11562,2512,467,5382,8963,195,0,871,62,2045,-3581,195,809
2020-07-21,11432,2298,468,5395,8799,163,0,839,54,1830,-3404,163,785
2020-07-28,11166,2150,540,5562,8645,71,0,720,32,1610,-3083,71,688
2020-08-04,10666,1832,601,5374,8373,83,0,658,16,1231,-2999,83,642
2020-08-11,10584,1632,597,5345,8382,83,0,662,50,1035,-3037,83,612
2020-08-18,10686,1836,468,5142,8723,82,0,741,35,1368,-3581,82,706
2020-08-25,10279,2798,467,4650,8743,82,0,690,124,2331,-4093,82,566
2020-09-01,10614,2899,467,4706,9050,80,0,785,119,2432,-4344,80,666
2020-09-08,10806,2682,467,4780,9287,101,0,924,135,2215,-4507,101,789
2020-09-15,10401,2485,467,4842,8813,102,0,895,199,2018,-3971,102,696
2020-09-22,10437,2451,467,4702,8890,102,0,1179,141,1984,-4188,102,1038
2020-09-29,10166,2546,467,4528,8565,100,0,1007,150,2079,-4037,100,857
2020-10-06,10535,2604,517,4397,8857,100,0,997,161,2087,-4460,100,836
2020-10-13,10456,2680,517,4830,8637,100,0,895,223,2163,-3807,100,672
2020-10-20,10559,2643,537,4908,8659,100,0,838,192,2106,-3751,100,646
2020-10-27,9804,2596,537,4550,8320,150,0,941,221,2059,-3770,150,720
2020-11-03,9374,2402,537,4440,7792,106,0,820,265,1865,-3352,106,555
2020-11-10,9191,2359,537,4308,7627,107,0,892,216,1822,-3319,107,676
2020-11-17,9132,2425,537,4242,7463,107,0,783,209,1888,-3221,107,574
2020-11-24,9127,2302,537,4286,7623,162,0,912,235,1765,-3337,162,677
2020-12-01,9342,2285,537,4201,7825,165,0,899,254,1748,-3624,165,645
2020-12-08,9334,2052,537,4304,7477,166,0,817,241,1515,-3173,166,576
2020-12-15,9606,1976,537,4412,7573,169,0,807,74,1439,-3161,169,733
2020-12-21,10635,2082,567,4820,8156,169,0,748,132,1515,-3336,169,616
2020-12-29,9802,1862,567,5205,7924,171,0,752,171,1295,-2719,171,581
2021-01-05,9637,1874,567,5222,7764,180,0,825,407,1307,-2542,180,418
2021-01-12,9818,2004,467,5044,7814,129,0,915,620,1537,-2770,129,295
2021-01-19,10524,2256,467,4826,8664,129,0,971,759,1789,-3838,129,212
2021-01-26,10310,2530,467,4265,8398,129,0,969,759,2063,-4133,129,210
2021-02-02,10511,2822,467,4144,8473,101,0,882,759,2355,-4329,101,123
2021-02-09,10451,2767,467,4334,8430,102,0,898,762,2300,-4096,102,136
2021-02-16,10255,2391,467,4517,8226,103,0,785,716,1924,-3709,103,69
2021-02-23,9729,1681,467,4543,7457,168,0,803,691,1214,-2914,168,112
2021-03-02,9379,1847,467,4614,7345,125,0,913,866,1380,-2731,125,47
2021-03-09,9644,1922,467,4640,7576,127,0,862,911,1455,-2936,127,-49
2021-03-16,9328,1628,467,4751,7217,128,0,756,960,1161,-2466,128,-204
2021-03-23,9701,1542,467,5069,7620,128,0,731,789,1075,-2551,128,-58
2021-03-30,9965,1582,467,5190,7768,124,0,744,786,1115,-2578,124,-42
2021-04-06,9889,1580,467,5269,7666,117,0,738,790,1113,-2397,117,-52
2021-04-13,10035,1568,467,5408,7664,117,0,700,786,1101,-2256,117,-86
2021-04-20,9394,1146,543,5530,6504,195,0,587,906,603,-974,195,-319
2021-04-27,9746,986,591,5217,6978,205,0,887,832,395,-1761,205,55
2021-05-04,10309,1550,542,5092,7681,220,0,766,957,1008,-2589,220,-191
2021-05-11,11130,2226,467,4962,8383,157,0,702,959,1759,-3421,157,-257
2021-05-18,10315,1898,467,5031,7521,157,100,728,1052,1431,-2490,57,-324
2021-05-25,9503,1154,526,5278,6465,152,100,620,1074,628,-1187,52,-454
2021-06-01,9237,935,654,5205,6217,147,100,622,1059,281,-1012,47,-437
2021-06-08,8314,887,785,4558,5135,148,100,576,1071,102,-577,48,-495
2021-06-15,8829,537,1676,5216,3874,144,100,533,1126,-1139,1342,44,-593
2021-06-22,8427,473,1801,5027,3703,196,100,653,967,-1328,1324,96,-314
2021-06-29,7930,556,1080,4485,4172,143,100,789,781,-524,313,43,8
2021-07-06,7761,581,1055,4612,4143,142,100,573,853,-474,469,42,-280
2021-07-13,7791,512,1320,4790,3947,141,100,558,815,-808,843,41,-257
2021-07-20,7473,488,1279,4496,3994,140,100,569,490,-791,502,40,79
2021-07-27,7691,658,993,4544,4563,139,100,530,452,-335,-19,39,78
2021-08-03,8284,766,1003,4582,5260,137,100,479,366,-237,-678,37,113
2021-08-10,8156,634,1065,4698,5066,137,100,433,432,-431,-368,37,1
2021-08-17,8242,662,945,4741,5242,137,100,465,469,-283,-501,37,-4
2021-08-24,8256,688,1009,5074,5259,137,100,429,421,-321,-185,37,8
2021-08-31,8114,629,1145,5411,4873,139,100,427,666,-516,538,39,-239
2021-09-07,8366,637,1500,5675,4773,140,100,463,717,-863,902,40,-254
2021-09-14,8375,556,1389,5568,4923,140,100,472,723,-833,645,40,-251
2021-09-21,8888,1154,1047,5301,5755,137,100,604,776,107,-454,37,-172
2021-09-28,9451,1576,655,5009,6487,137,100,668,758,921,-1478,37,-90
2021-10-05,9419,1459,625,5344,6417,134,100,604,722,834,-1073,34,-118
2021-10-12,9202,1538,701,5009,6214,134,100,553,719,837,-1205,34,-166
2021-10-19,9046,1604,625,4769,6248,134,100,551,830,979,-1479,34,-279
2021-10-26,8494,1127,1039,4917,5129,134,100,480,791,88,-212,34,-311
2021-11-02,9064,690,2224,5460,4057,149,100,576,725,-1534,1403,49,-149
2021-11-09,9060,377,2135,5579,4125,150,100,746,509,-1758,1454,50,237
2021-11-16,8282,863,1101,4804,5104,151,100,557,392,-238,-300,51,165
2021-11-23,10092,1854,677,4382,7036,202,100,665,520,1177,-2654,102,145
2021-11-30,9155,1950,527,3885,6484,219,100,516,488,1423,-2599,119,28
2021-12-07,8929,1813,527,4194,6303,145,100,485,587,1286,-2109,45,-102
2021-12-14,8737,1148,553,4845,5456,139,100,484,692,595,-611,39,-208
2021-12-21,8823,767,1354,5175,4930,141,100,423,423,-587,245,41,0
2021-12-28,7776,808,1150,4572,5070,141,0,505,390,-342,-498,141,115
2022-01-04,7765,1293,467,3815,5925,197,0,584,369,826,-2110,197,215
2022-01-11,7798,1154,467,3822,5993,282,0,601,371,687,-2171,282,230
2022-01-18,7629,879,467,4222,5733,293,0,408,509,412,-1511,293,-101
2022-01-25,8412,1320,467,3872,6499,291,0,578,579,853,-2627,291,-1
2022-02-01,8818,1578,467,3886,6786,298,0,442,579,1111,-2900,298,-137
2022-02-08,9605,1811,467,3961,7371,293,0,506,593,1344,-3410,293,-87
2022-02-15,9528,1575,467,4098,6933,296,0,307,591,1108,-2835,296,-284
2022-02-22,9386,1384,467,4530,7022,291,0,302,599,917,-2492,291,-297
2022-03-01,9641,1557,467,4679,7290,253,0,443,751,1090,-2611,253,-308
2022-03-08,10203,1556,467,5142,7800,231,0,306,897,1089,-2658,231,-591
2022-03-15,10395,1605,467,5222,7711,170,0,308,1058,1138,-2489,170,-750
2022-03-22,10252,1469,467,5251,7562,175,0,305,1104,1002,-2311,175,-799
2022-03-29,10802,1354,467,5853,7898,184,0,236,1135,887,-2045,184,-899
2022-04-05,11122,1455,467,5769,8057,190,0,246,1144,988,-2288,190,-898
2022-04-12,11288,1350,467,5738,8090,194,0,279,1139,883,-2352,194,-860
2022-04-19,11652,1506,467,5289,8395,273,0,412,1173,1039,-3106,273,-761
2022-04-26,11722,1535,467,5412,8510,257,0,497,1073,1068,-3098,257,-576
2022-05-03,11864,1933,568,5212,8716,203,0,465,934,1365,-3504,203,-469
2022-05-10,11657,2071,570,5074,8449,207,0,477,871,1501,-3375,207,-394
2022-05-17,12651,2280,542,5141,9124,374,0,455,969,1738,-3983,374,-514
2022-05-24,12243,1883,547,5041,8751,275,0,645,973,1336,-3710,275,-328
2022-05-31,12419,2148,588,4948,8845,268,0,947,971,1560,-3897,268,-24
2022-06-07,11936,2138,586,4917,8441,203,0,787,1174,1552,-3524,203,-387
2022-06-14,10996,1399,577,4729,7331,199,0,726,1224,822,-2602,199,-498
2022-06-21,10396,1368,591,4431,6897,199,0,648,931,777,-2466,199,-283
2022-06-28,9726,991,531,4481,6514,185,0,713,999,460,-2033,185,-286
2022-07-05,9249,896,771,4572,5971,172,59,671,780,125,-1399,113,-109
2022-07-12,8964,722,987,4592,5702,163,0,806,725,-265,-1110,163,81
2022-07-19,9194,955,764,4302,6320,156,0,926,771,191,-2018,156,155
2022-07-26,9298,989,748,4208,6449,156,0,930,728,241,-2241,156,202
2022-08-02,9220,1055,826,4295,6189,142,0,867,809,229,-1894,142,58
2022-08-09,10080,1643,775,4427,6971,137,0,873,674,868,-2544,137,199
2022-08-16,9948,1801,772,4355,6954,188,0,626,532,1029,-2599,188,94
2022-08-23,9751,1704,807,4247,6957,184,0,878,321,897,-2710,184,557
2022-08-30,9438,2238,763,3716,7079,189,0,907,326,1475,-3363,189,581
2022-09-06,9509,2475,568,3532,7358,136,0,887,409,1907,-3826,136,478
2022-09-13,9307,2271,628,3586,7255,131,0,898,557,1643,-3669,131,341
2022-09-20,9559,2683,628,3379,7398,131,0,1056,572,2055,-4019,131,484
2022-09-27,9060,2342,628,3525,6833,129,0,785,544,1714,-3308,129,241
2022-10-04,8767,1974,777,3650,6166,117,0,642,637,1197,-2516,117,5
2022-10-11,8711,1536,1245,4058,4821,117,0,432,780,291,-763,117,-348
2022-10-18,9200,1093,1731,4910,4122,0,0,449,1159,-638,788,0,-710
2022-10-25,9141,394,2315,5564,3272,0,0,553,1349,-1921,2292,0,-796
2022-11-01,8251,230,2058,4669,3255,0,0,725,813,-1828,1414,0,-88
2022-11-08,7947,375,1205,4440,4468,0,0,702,615,-830,-28,0,87
2022-11-15,8488,1313,980,4464,5075,0,0,612,837,333,-611,0,-225
2022-11-22,8972,1415,1059,4712,5245,0,128,523,857,356,-533,-128,-334
2022-11-29,9045,2184,993,4325,5509,0,0,692,832,1191,-1184,0,-140
2022-12-06,8471,1151,1116,4927,4687,0,0,331,764,35,240,0,-433
2022-12-13,8532,290,1834,5388,3506,0,0,298,841,-1544,1882,0,-543
2022-12-20,9209,338,2128,5752,3886,0,0,667,920,-1790,1866,0,-253
2022-12-27,8550,917,1327,4841,4496,0,0,553,901,-410,345,0,-348
2023-01-03,8282,1391,1257,4090,4655,0,0,603,847,134,-565,0,-244
2023-01-10,8574,1124,1230,4199,4647,0,0,802,889,-106,-448,0,-87
2023-01-17,8772,1283,1286,4279,4662,0,0,717,964,-3,-383,0,-247
2023-01-24,8878,1368,1293,4224,4835,0,0,856,944,75,-611,0,-88
2023-01-31,8148,1551,1266,3649,4453,0,0,836,975,285,-804,0,-139
2023-02-07,7729,1007,1408,4073,3920,0,0,706,793,-401,153,0,-87
2023-02-14,7795,954,1344,3938,4261,0,0,803,651,-390,-323,0,152
2023-02-21,8415,490,1622,4944,4072,0,0,716,624,-1132,872,0,92
2023-02-28,9669,407,3061,6060,3577,0,0,691,588,-2654,2483,0,103
2023-03-07,9654,407,2917,5944,3465,0,0,649,791,-2510,2479,0,-142
2023-03-14,9672,413,3100,5655,3103,0,0,870,823,-2687,2552,0,47
2023-03-21,9010,420,2560,5257,3196,0,0,900,637,-2140,2061,0,263
2023-03-28,8862,507,1541,4765,4382,0,0,1261,512,-1034,383,0,749
2023-04-04,9016,422,1585,5032,4318,0,0,1027,523,-1163,714,0,504
2023-04-11,9630,387,2390,5215,3912,0,0,1200,606,-2003,1303,0,594
2023-04-18,8583,441,1622,4323,3982,0,0,1136,548,-1181,341,0,588
2023-04-25,8098,485,1495,4253,4150,0,0,1143,555,-1010,103,0,588
2023-05-02,7937,603,1309,3724,4521,0,0,1387,319,-706,-797,0,1068
2023-05-09,8817,888,502,3717,5935,0,0,1513,290,386,-2218,0,1223
2023-05-16,9256,1146,478,3722,6380,0,0,1396,292,668,-2658,0,1104
2023-05-23,9359,583,726,4280,5929,0,0,1317,334,-143,-1649,0,983
2023-05-30,9653,426,1122,4858,5868,0,0,1271,215,-696,-1010,0,1056
2023-06-06,9358,725,717,4383,6269,0,0,1428,113,8,-1886,0,1315
2023-06-13,10041,1328,503,3936,7137,0,0,1408,85,825,-3201,0,1323
2023-06-20,10439,1477,444,4012,7783,85,0,1496,48,1033,-3771,85,1448
2023-06-27,9758,2327,484,3193,7723,86,0,1408,12,1843,-4530,86,1396
2023-07-03,9369,2050,483,3334,7245,0,0,1392,39,1567,-3911,0,1353
2023-07-11,9368,1697,479,3314,6931,0,0,1572,51,1218,-3617,0,1521
2023-07-18,9529,1624,529,3356,7056,0,0,1602,104,1095,-3700,0,1498
2023-07-25,10991,2626,511,3058,8648,107,0,1719,93,2115,-5590,107,1626
2023-08-01,10913,2586,443,3104,8430,113,0,1552,84,2143,-5326,113,1468
2023-08-08,11096,2945,449,2995,8582,109,0,1503,83,2496,-5587,109,1420
2023-08-15,10896,2953,450,3075,8503,115,0,1533,60,2503,-5428,115,1473
2023-08-22,10660,2791,357,3320,8303,114,0,1662,314,2434,-4983,114,1348
2023-08-29,11060,3067,357,3658,9339,113,0,1442,330,2710,-5681,113,1112
2023-09-05,12687,3476,357,4071,10831,112,0,1892,307,3119,-6760,112,1585
2023-09-12,12451,2782,294,5084,10070,115,0,1333,422,2488,-4986,115,911
2023-09-19,11752,2393,294,4732,9452,120,0,1441,327,2099,-4720,120,1114
2023-09-26,11479,2215,294,4863,9478,110,0,1442,284,1921,-4615,110,1158
2023-10-03,11586,2176,354,5168,9540,115,0,1374,323,1822,-4372,115,1051
2023-10-10,11520,1974,417,5389,9562,101,0,1378,283,1557,-4173,101,1095
2023-10-17,11710,1853,439,5627,9644,87,0,1357,302,1414,-4017,87,1055
2023-10-24,11998,1816,423,5792,9941,88,0,1381,235,1393,-4149,88,1146
2023-10-31,11614,2069,356,5675,9670,90,0,1313,401,1713,-3995,90,912
2023-11-07,11348,1353,672,6187,8725,0,0,1407,468,681,-2538,0,939
2023-11-14,10796,2093,294,4572,9190,96,0,1381,248,1799,-4618,96,1133
2023-11-21,12244,3426,294,4087,10359,109,0,1376,172,3132,-6272,109,1204
2023-11-28,12846,4151,294,3858,10861,119,0,1490,184,3857,-7003,119,1306
2023-12-05,12978,4172,294,4001,10750,116,0,1349,294,3878,-6749,116,1055
2023-12-12,12767,3986,294,3768,10748,114,0,1224,151,3692,-6980,114,1073
2023-12-19,12562,3911,294,3315,10613,113,0,1309,20,3617,-7298,113,1289
2023-12-26,12063,4089,203,3236,10536,113,0,1384,2,3886,-7300,113,1382
2024-01-02,11955,4212,213,3098,10440,117,0,1345,109,3999,-7342,117,1236
2024-01-09,11290,3623,392,2983,9277,151,0,1413,348,3231,-6294,151,1065
2024-01-16,11056,3688,504,2692,9037,155,0,1363,382,3184,-6345,155,981
2024-01-23,11104,3777,758,2789,8643,180,0,1333,450,3019,-5854,180,883
2024-01-30,12081,4210,835,3012,9210,203,0,1169,442,3375,-6198,203,727
2024-02-06,12339,4568,886,2570,9290,251,0,1291,470,3682,-6720,251,821
2024-02-13,12661,5049,776,2530,9307,200,0,1159,571,4273,-6777,200,588
2024-02-20,12777,5190,769,2548,9631,132,0,1089,536,4421,-7083,132,553
2024-02-27,12674,5453,565,2572,9977,108,0,1250,561,4888,-7405,108,689
2024-03-05,12633,5078,578,2557,9910,107,0,1295,486,4500,-7353,107,809
2024-03-12,12188,4226,537,3139,9266,103,0,1306,772,3689,-6127,103,534
2024-03-19,11335,3551,718,3245,8380,89,0,1312,792,2833,-5135,89,520
2024-03-26,10650,2552,1107,3958,6844,0,0,1007,812,1445,-2886,0,195
2024-04-02,10580,1854,1408,4495,5718,0,0,1094,809,446,-1223,0,285
2024-04-09,9953,1062,1834,4558,4723,0,94,1382,830,-772,-165,-94,552
2024-04-16,9189,1065,956,4305,5441,0,146,1137,555,109,-1136,-146,582
2024-04-23,9394,1932,651,3525,6418,0,0,1073,378,1281,-2893,0,695
2024-04-30,9577,2392,463,3353,7158,169,0,950,172,1929,-3805,169,778
2024-05-07,9851,2208,410,3359,7514,189,0,1426,193,1798,-4155,189,1233
2024-05-14,9807,1941,410,3695,7639,188,0,1446,37,1531,-3944,188,1409
2024-05-21,10321,1897,405,3938,8079,188,0,1552,35,1492,-4141,188,1517
2024-05-28,10443,1642,592,4153,8068,200,0,1641,49,1050,-3915,200,1592
2024-06-04,9281,932,918,4030,6537,161,0,1169,33,14,-2507,161,1136
2024-06-11,9275,670,1341,4264,6129,143,0,1470,109,-671,-1865,143,1361
2024-06-18,9065,747,1283,4038,5936,189,0,1421,53,-536,-1898,189,1368
2024-06-25,8408,1019,1090,3754,5832,146,0,1294,20,-71,-2078,146,1274
2024-07-02,8445,1116,1131,3722,5603,0,0,1086,107,-15,-1881,0,979
2024-07-09,9374,1164,1638,4619,5488,0,100,945,318,-474,-869,-100,627
2024-07-16,10001,1121,2258,5109,5068,0,247,1051,369,-1137,41,-247,682
2024-07-23,11187,981,3187,5879,4915,0,242,1296,356,-2206,964,-242,940
2024-07-30,10358,863,2686,5347,5174,0,114,1372,71,-1823,173,-114,1301
2024-08-06,10050,629,2098,5375,5600,0,0,1333,19,-1469,-225,0,1314
2024-08-13,10367,596,2024,5468,5572,52,197,1417,120,-1428,-104,-145,1297
2024-08-20,10085,421,2239,5596,5304,52,233,1448,142,-1818,292,-181,1306
2024-08-27,9349,507,2336,5494,4917,0,229,1384,152,-1829,577,-229,1232
2024-09-03,9953,529,2625,6049,4936,52,230,1488,176,-2096,1113,-178,1312
2024-09-10,10200,565,2285,6075,5293,59,224,1546,108,-1720,782,-165,1438
2024-09-17,9860,602,1950,5702,5683,64,61,1266,89,-1348,19,3,1177
2024-09-24,10111,767,1233,5447,6821,189,0,1535,85,-466,-1374,189,1450
2024-10-01,9946,447,1242,5335,6730,64,0,1832,47,-795,-1395,64,1785
2024-10-08,10255,638,1140,5271,7066,64,144,1721,59,-502,-1795,-80,1662
2024-10-15,9809,652,1093,4901,6598,69,153,1881,72,-441,-1697,-84,1809
2024-10-22,10033,652,1460,5080,6393,69,203,1863,63,-808,-1313,-134,1800
2024-10-29,9727,462,1824,5738,6137,86,218,1766,66,-1362,-399,-132,1700
2024-11-05,11620,373,3510,7207,5099,76,218,1731,626,-3137,2108,-142,1105
2024-11-12,12881,267,4631,7775,4767,0,224,2025,711,-4364,3008,-224,1314
2024-11-19,11999,129,3963,7222,5184,0,210,2035,178,-3834,2038,-210,1857
2024-11-26,11489,250,3423,7183,5361,0,213,1950,248,-3173,1822,-213,1702
2024-12-03,11254,319,2739,6657,5932,0,131,1888,101,-2420,725,-131,1787
2024-12-10,11003,309,2384,6468,6092,0,194,1929,178,-2075,376,-194,1751
2024-12-17,10635,223,2271,6276,5708,0,206,1818,122,-2048,568,-206,1696
2024-12-24,12909,171,3716,7801,5078,0,234,1957,706,-3545,2723,-234,1251
2024-12-31,12456,163,4577,7704,4142,0,237,2027,836,-4414,3562,-237,1191
2025-01-07,13077,115,5452,8022,3900,0,236,2176,840,-5337,4122,-236,1336
2025-01-14,12479,303,5446,7671,3771,0,223,1996,304,-5143,3900,-223,1692
2025-01-21,11864,491,4686,7084,4185,0,217,1947,78,-4195,2899,-217,1869
2025-01-28,11682,385,3585,6784,4761,0,220,1970,16,-3200,2023,-220,1954
2025-02-04,13141,207,4790,7357,4053,0,232,2022,586,-4583,3304,-232,1436
2025-02-11,14212,199,5652,8144,3932,0,226,2159,802,-5453,4212,-226,1357
2025-02-18,13573,204,5122,7932,3913,0,222,1973,821,-4918,4019,-222,1152
2025-02-25,13661,215,5418,8178,4163,0,227,2027,770,-5203,4015,-227,1257
2025-03-04,13514,210,6065,7948,3292,0,227,1967,685,-5855,4656,-227,1282
2025-03-11,13081,229,5601,7470,3563,0,218,1988,558,-5372,3907,-218,1430
2025-03-18,13491,381,5511,7648,3883,0,229,2013,678,-5130,3765,-229,1335
2025-03-25,13275,374,5938,7148,3216,0,227,2118,686,-5564,3932,-227,1432
2025-04-01,13790,342,6280,7401,3347,0,142,2105,677,-5938,4054,-142,1428
2025-04-08,14125,343,6498,7679,3276,0,144,1928,710,-6155,4403,-144,1218
2025-04-15,13328,259,5562,7493,3660,0,135,1795,598,-5303,3833,-135,1197
2025-04-22,13365,259,5217,7285,3796,0,136,1717,620,-4958,3489,-136,1097
2025-04-29,12806,280,5814,6542,2170,0,147,1617,869,-5534,4372,-147,748
2025-05-06,12692,295,5868,6214,2111,0,149,1658,658,-5573,4103,-149,1000
2025-05-13,13145,364,6314,6532,1685,0,150,1282,756,-5950,4847,-150,526
2025-05-20,13176,511,6546,6513,1752,0,148,1495,825,-6035,4761,-148,670
2025-05-27,11915,514,5921,5825,1840,0,139,1576,498,-5407,3985,-139,1078
2025-06-03,11426,488,5469,6030,2108,0,121,1511,447,-4981,3922,-121,1064
2025-06-10,10674,479,4916,5579,2194,0,108,1523,430,-4437,3385,-108,1093
2025-06-17,10163,332,4080,5171,2387,0,96,1367,462,-3748,2784,-96,905
2025-06-24,9360,313,3554,4792,2408,0,96,1460,560,-3241,2384,-96,900
2025-07-01,10160,324,3737,5105,2582,154,105,1540,776,-3413,2523,49,764
2025-07-08,10888,324,4604,5461,2239,154,128,1453,909,-4280,3222,26,544
2025-07-15,11370,261,4935,5827,2221,154,149,1595,960,-4674,3606,5,635
2025-07-22,12930,298,5900,6042,1774,154,159,2083,1389,-5602,4268,-5,694
2025-07-29,13439,335,6475,6468,1661,164,155,1922,1246,-6140,4807,9,676
2025-08-05,14228,343,7038,6759,1474,214,154,2140,1391,-6695,5285,60,749
2025-08-12,13156,248,6756,6826,1621,214,142,1656,547,-6508,5205,72,1109
2025-08-19,13426,429,6145,6949,2264,214,146,1348,562,-5716,4685,68,786
2025-08-26,12490,318,6176,6582,2000,189,147,1744,976,-5858,4582,42,768
2025-09-02,12632,267,6405,6318,1985,189,145,1906,845,-6138,4333,44,1061
2025-09-09,12552,349,6216,6128,1708,189,154,1777,1138,-5867,4420,35,639
2025-09-16,12906,286,6367,6409,1870,189,156,1787,1100,-6081,4539,33,687
2025-09-23,12969,301,6411,6424,1700,189,157,1760,1216,-6110,4724,32,544
2025-09-30,14062,355,6834,6673,1810,189,158,1894,1265,-6479,4863,31,629
2025-10-07,14956,510,7469,6928,1705,189,164,2008,1188,-6959,5223,25,820
2025-10-14,15558,646,7566,7515,1904,189,171,2163,1335,-6920,5611,18,828
2025-10-21,16128,605,7656,8547,2969,189,174,1959,1128,-7051,5578,15,831
2025-10-28,14253,759,7900,7115,2000,189,173,1985,1048,-7141,5115,16,937
2025-11-04,14122,826,7814,6863,1979,189,170,2034,1035,-6988,4884,19,999
2025-11-10,14292,890,7853,6924,2216,189,175,1923,1086,-6963,4708,14,837
2025-11-18,14250,796,7878,6721,2006,189,172,2087,1176,-7082,4715,17,911
2025-11-25,14342,752,7681,6868,1952,189,173,1965,1127,-6929,4916,16,838
2025-12-02,14962,786,7952,6918,2054,189,176,2026,1101,-7166,4864,13,925
2025-12-09,15580,802,7994,6908,2251,189,175,2158,1028,-7192,4657,14,1130
2025-12-16,15533,892,7930,7558,2532,189,185,1893,1338,-7038,5026,4,555
2025-12-23,14058,932,7765,7150,2128,189,191,1631,1168,-6833,5022,-2,463
2025-12-30,14599,1264,7881,7423,2311,160,193,1612,1246,-6617,5112,-33,366
2026-01-06,13886,1325,7418,7032,2501,160,186,1670,885,-6093,4531,-26,785
2026-01-13,13656,1434,6997,6785,2761,160,187,1656,815,-5563,4024,-27,841
2026-01-20,13603,1333,6795,7001,3012,160,160,1576,791,-5462,3989,0,785
2026-01-27,13134,1256,6050,6508,3158,160,132,1457,771,-4794,3350,28,686
2026-02-03,12959,1062,5110,6278,3456,160,112,1277,838,-4048,2822,48,439
2026-02-10,12915,1029,3815,5992,3912,160,110,1200,1215,-2786,2080,50,-15
2026-02-17,12381,1073,3113,6083,4064,160,114,1167,1249,-2040,2019,46,-82
2026-02-24,13427,1124,4847,6710,3287,0,150,1197,1515,-3723,3423,-150,-318
2026-03-03,13016,1341,5641,6522,2473,60,144,1426,1858,-4300,4049,-84,-432
2026-03-10,12260,1113,4693,6065,2719,60,117,1320,1827,-3580,3346,-57,-507
2026-03-17,11635,1009,3607,5390,3049,60,113,1500,1863,-2598,2341,-53,-363
2026-03-24,12093,1037,3845,5800,3219,60,122,1201,1798,-2808,2581,-62,-597
2026-03-31,12640,1028,4200,5817,3502,60,110,1351,1692,-3172,2315,-50,-341
2026-04-07,12730,1129,4060,5901,3475,60,114,1195,1780,-2931,2426,-54,-585
2026-04-14,13509,1079,4641,6515,3132,60,133,1142,1833,-3562,3383,-73,-691
2026-04-21,13799,966,4443,6709,3332,60,141,1258,1903,-3477,3377,-81,-645
2026-04-28,13575,1038,5009,6723,2828,60,153,1231,1789,-3971,3895,-93,-558
2026-05-05,14068,1111,4823,5905,3969,210,128,2001,1809,-3712,1936,82,192
2026-05-12,13851,1408,2985,3203,4511,270,0,1942,1283,-1577,-1308,270,659
2026-05-19,14440,2090,2640,3876,6389,560,0,2316,1755,-550,-2513,560,561
2026-05-26,15046,2752,2559,3543,6810,820,0,2354,1900,193,-3267,820,454
2026-06-02,14898,2700,2340,3576,6718,682,0,2185,1972,360,-3142,682,213
2026-06-09,14053,2703,2502,3708,6032,596,0,1987,1836,201,-2324,596,151
2026-06-16,13787,1703,2611,4781,5047,415,0,1855,1885,-908,-266,415,-30
