date,oi,am_long,am_short,dealer_long,dealer_short,lev_long,lev_short,other_long,other_short,mm_long,mm_short,mm_net,pm_long,pm_short,pm_net,sd_long,sd_short,sd_net,other_net
2006-06-13,646106,22886,98577,322952,174840,56677,99632,17347,21316,79563,198209,-118646,322952,174840,148112,56677,99632,-42955,-3969
2006-06-20,422954,24068,115348,256930,124326,62342,103301,13527,19734,86410,218649,-132239,256930,124326,132604,62342,103301,-40959,-6207
2006-06-27,428568,29552,125244,264402,138639,57793,85783,10549,16155,87345,211027,-123682,264402,138639,125763,57793,85783,-27990,-5606
2006-07-03,433982,34195,125066,269335,142099,57946,86334,6332,15722,92141,211400,-119259,269335,142099,127236,57946,86334,-28388,-9390
2006-07-11,426573,29989,124648,267263,142328,56994,80665,4487,14364,86983,205313,-118330,267263,142328,124935,56994,80665,-23671,-9877
2006-07-18,442058,26834,129477,277834,151075,53975,76552,7738,15113,80809,206029,-125220,277834,151075,126759,53975,76552,-22577,-7375
2006-07-25,453375,26152,131355,273623,151772,57840,76324,11708,12528,83992,207679,-123687,273623,151772,121851,57840,76324,-18484,-820
2006-08-01,459812,24508,129033,274812,158991,57184,78737,13881,12557,81692,207770,-126078,274812,158991,115821,57184,78737,-21553,1324
2006-08-08,464644,24436,126772,278302,157544,55225,84831,12463,15446,79661,211603,-131942,278302,157544,120758,55225,84831,-29606,-2983
2006-08-15,472493,25963,131241,283844,159617,62531,89783,9656,14817,88494,221024,-132530,283844,159617,124227,62531,89783,-27252,-5161
2006-08-22,473930,26507,130925,286564,161286,67535,88558,6551,14798,94042,219483,-125441,286564,161286,125278,67535,88558,-21023,-8247
2006-08-29,466862,29453,130411,281896,152964,69779,93742,7572,17731,99232,224153,-124921,281896,152964,128932,69779,93742,-23963,-10159
2006-09-05,464784,29442,125383,266593,149153,73673,96966,7409,16731,103115,222349,-119234,266593,149153,117440,73673,96966,-23293,-9322
2006-09-12,525769,31478,121091,270541,146020,66255,100500,8394,15612,97733,221591,-123858,270541,146020,124521,66255,100500,-34245,-7218
2006-09-19,406452,29922,119344,253214,124005,47947,90514,37,20173,77869,209858,-131989,253214,124005,129209,47947,90514,-42567,-20136
2006-09-26,424967,32848,119443,253507,117267,54728,115461,298,19126,87576,234904,-147328,253507,117267,136240,54728,115461,-60733,-18828
2006-10-03,428583,33216,121932,256276,107881,50727,120124,126,20805,83943,242056,-158113,256276,107881,148395,50727,120124,-69397,-20679
2006-10-10,433292,36254,120757,261399,110735,57392,125394,347,18712,93646,246151,-152505,261399,110735,150664,57392,125394,-68002,-18365
2006-10-17,426252,38629,107474,242580,128406,53802,106911,12,23325,92431,214385,-121954,242580,128406,114174,53802,106911,-53109,-23313
2006-10-24,419037,39754,100477,220988,136224,64933,105623,55,21922,104687,206100,-101413,220988,136224,84764,64933,105623,-40690,-21867
2006-10-31,424357,38751,96138,217652,140580,72132,110374,333,22453,110883,206512,-95629,217652,140580,77072,72132,110374,-38242,-22120
2006-11-07,415052,41473,97076,222329,116208,59992,129102,394,22165,101465,226178,-124713,222329,116208,106121,59992,129102,-69110,-21771
2006-11-14,424826,47138,97591,222433,114287,66124,136650,824,24372,113262,234241,-120979,222433,114287,108146,66124,136650,-70526,-23548
2006-11-21,415142,55277,94716,205942,123160,63876,120324,1015,25612,119153,215040,-95887,205942,123160,82782,63876,120324,-56448,-24597
2006-11-28,408211,54530,94612,202194,109819,61325,124514,1399,29166,115855,219126,-103271,202194,109819,92375,61325,124514,-63189,-27767
2006-12-05,438016,58528,96143,206630,112342,63796,127131,1039,30065,122324,223274,-100950,206630,112342,94288,63796,127131,-63335,-29026
2006-12-12,477420,60054,93498,204225,108047,60546,129197,698,30062,120600,222695,-102095,204225,108047,96178,60546,129197,-68651,-29364
2006-12-19,348845,56220,90208,153478,91639,73521,108732,2350,12021,129741,198940,-69199,153478,91639,61839,73521,108732,-35211,-9671
2006-12-26,355662,57441,90017,156405,96581,75473,107336,3459,13121,132914,197353,-64439,156405,96581,59824,75473,107336,-31863,-9662
2007-01-03,355683,58859,91203,158499,92759,75429,111421,2806,13846,134288,202624,-68336,158499,92759,65740,75429,111421,-35992,-11040
2007-01-09,360890,50981,94261,162288,90808,73771,109976,5584,12486,124752,204237,-79485,162288,90808,71480,73771,109976,-36205,-6902
2007-01-16,372680,47127,103620,169431,96068,80159,107339,4861,13076,127286,210959,-83673,169431,96068,73363,80159,107339,-27180,-8215
2007-01-23,373294,48177,107581,180766,93830,76097,109915,4860,13152,124274,217496,-93222,180766,93830,86936,76097,109915,-33818,-8292
2007-01-30,380202,46659,107869,182672,89276,80584,111547,2940,15123,127243,219416,-92173,182672,89276,93396,80584,111547,-30963,-12183
2007-02-06,390047,39105,107179,183200,85994,92116,116777,2059,17510,131221,223956,-92735,183200,85994,97206,92116,116777,-24661,-15451
2007-02-13,393212,39577,107062,184857,88650,92815,114788,337,20480,132392,221850,-89458,184857,88650,96207,92815,114788,-21973,-20143
2007-02-20,408966,38305,103633,199674,80711,101973,139019,752,22079,140278,242652,-102374,199674,80711,118963,101973,139019,-37046,-21327
2007-02-27,455793,40013,97528,239240,109589,98825,158170,2370,20690,138838,255698,-116860,239240,109589,129651,98825,158170,-59345,-18320
2007-03-06,501419,35393,105196,276838,111481,83449,156016,11985,22090,118842,261212,-142370,276838,111481,165357,83449,156016,-72567,-10105
2007-03-13,589716,40179,105282,304089,125225,80035,168744,13866,24404,120214,274026,-153812,304089,125225,178864,80035,168744,-88709,-10538
2007-03-20,415603,38993,102414,230764,52040,73006,157081,516,27671,111999,259495,-147496,230764,52040,178724,73006,157081,-84075,-27155
2007-03-27,427226,41434,100725,226964,53892,82808,161987,492,32391,124242,262712,-138470,226964,53892,173072,82808,161987,-79179,-31899
2007-04-03,432636,45813,104610,228323,60895,86342,162159,128,30927,132155,266769,-134614,228323,60895,167428,86342,162159,-75817,-30799
2007-04-10,441470,46243,107764,230325,62589,91366,168167,20,30174,137609,275931,-138322,230325,62589,167736,91366,168167,-76801,-30154
2007-04-17,462172,49158,108528,237478,62271,98110,177555,27,34050,147268,286083,-138815,237478,62271,175207,98110,177555,-79445,-34023
2007-04-24,469381,48193,115625,243445,63119,99063,177797,1168,33551,147256,293422,-146166,243445,63119,180326,99063,177797,-78734,-32383
2007-05-01,491343,44405,123227,269371,69475,96826,186010,1467,30738,141231,309237,-168006,269371,69475,199896,96826,186010,-89184,-29271
2007-05-08,511502,49481,124146,287285,75348,94027,194956,1352,32754,143508,319102,-175594,287285,75348,211937,94027,194956,-100929,-31402
2007-05-15,551933,47445,127175,312032,90277,102105,205102,1751,33334,149550,332277,-182727,312032,90277,221755,102105,205102,-102997,-31583
2007-05-22,582681,49203,129954,324678,87042,115887,208509,2111,39142,165090,338463,-173373,324678,87042,237636,115887,208509,-92622,-37031
2007-05-29,587612,48665,130063,330558,87247,114979,223318,1087,42013,163644,353381,-189737,330558,87247,243311,114979,223318,-108339,-40926
2007-06-05,625235,44844,132288,333833,95533,128646,223509,539,44405,173490,355797,-182307,333833,95533,238300,128646,223509,-94863,-43866
2007-06-12,736406,45270,141163,336406,87627,117685,221563,1307,44175,162955,362726,-199771,336406,87627,248779,117685,221563,-103878,-42868
2007-06-19,534833,40823,145464,294372,72820,125823,205654,2202,31536,166646,351118,-184472,294372,72820,221552,125823,205654,-79831,-29334
2007-06-26,541428,42519,149438,286059,57191,125229,215759,4516,29040,167748,365197,-197449,286059,57191,228868,125229,215759,-90530,-24524
2007-07-03,560044,40439,155432,297777,63983,143604,222193,5350,32588,184043,377625,-193582,297777,63983,233794,143604,222193,-78589,-27238
2007-07-10,580141,40608,157798,312068,70598,147854,231360,7469,32858,188462,389158,-200696,312068,70598,241470,147854,231360,-83506,-25389
2007-07-17,592114,41779,167638,316801,70608,153010,236966,9404,32848,194789,404604,-209815,316801,70608,246193,153010,236966,-83956,-23444
2007-07-24,627835,41568,172154,342546,78263,152213,251912,11567,29455,193781,424066,-230285,342546,78263,264283,152213,251912,-99699,-17888
2007-07-31,681023,39550,191519,379035,83273,163583,262977,7248,28479,203133,454496,-251363,379035,83273,295762,163583,262977,-99394,-21231
2007-08-07,707491,40916,191845,392998,85318,170999,279176,5851,30526,211915,471021,-259106,392998,85318,307680,170999,279176,-108177,-24675
2007-08-14,679175,36663,168246,365536,91060,161847,258748,1829,20418,198510,426994,-228484,365536,91060,274476,161847,258748,-96901,-18589
2007-08-21,602233,36226,150853,330106,92815,139170,215639,2902,21659,175396,366492,-191096,330106,92815,237291,139170,215639,-76469,-18757
2007-08-28,611787,40202,151657,330962,97232,138366,215850,3258,23271,178568,367507,-188939,330962,97232,233730,138366,215850,-77484,-20013
2007-09-04,616706,36610,151585,334134,93745,138737,214199,3484,23978,175347,365784,-190437,334134,93745,240389,138737,214199,-75462,-20494
2007-09-11,668522,37925,149367,349537,99541,152626,240874,9320,24146,190551,390241,-199690,349537,99541,249996,152626,240874,-88248,-14826
2007-09-18,742592,41170,139164,352493,104542,159664,250822,9337,24874,200834,389986,-189152,352493,104542,247951,159664,250822,-91158,-15537
2007-09-25,581039,43720,134391,377961,77433,92807,232071,287,33412,136527,366462,-229935,377961,77433,300528,92807,232071,-139264,-33125
2007-10-02,586095,44305,136259,375510,77800,93315,218197,823,36231,137620,354456,-216836,375510,77800,297710,93315,218197,-124882,-35408
2007-10-09,584501,46160,134413,368980,74042,92324,219991,788,36887,138484,354404,-215920,368980,74042,294938,92324,219991,-127667,-36099
2007-10-16,586088,50839,137035,355323,70217,95680,218584,604,37030,146519,355619,-209100,355323,70217,285106,95680,218584,-122904,-36426
2007-10-23,591304,51649,139016,363778,68648,95672,220612,1166,35735,147321,359628,-212307,363778,68648,295130,95672,220612,-124940,-34569
2007-10-30,594198,50632,143843,375603,83764,96161,220592,556,33041,146793,364435,-217642,375603,83764,291839,96161,220592,-124431,-32485
2007-11-06,630286,43880,162908,402837,99427,108926,218574,1010,28964,152806,381482,-228676,402837,99427,303410,108926,218574,-109648,-27954
2007-11-13,645194,40961,174849,410873,106109,112394,204382,7164,26442,153355,379231,-225876,410873,106109,304764,112394,204382,-91988,-19278
2007-11-20,660787,42902,200154,415966,107457,122537,208178,8434,22450,165439,408332,-242893,415966,107457,308509,122537,208178,-85641,-14016
2007-11-27,671522,40905,208791,420415,110578,129957,201050,9112,22920,170862,409841,-238979,420415,110578,309837,129957,201050,-71093,-13808
2007-12-04,672626,42995,212976,417773,100938,133877,205267,6671,24056,176872,418243,-241371,417773,100938,316835,133877,205267,-71390,-17385
2007-12-11,689698,44374,207857,416729,106043,130760,207094,5555,21250,175134,414951,-239817,416729,106043,310686,130760,207094,-76334,-15695
2007-12-18,845955,41039,184841,422276,119287,128706,207345,8771,18885,169745,392186,-222441,422276,119287,302989,128706,207345,-78639,-10114
2007-12-24,574762,43711,191939,411757,65357,64473,204708,720,19842,108184,396647,-288463,411757,65357,346400,64473,204708,-140235,-19122
2007-12-31,599969,42077,194717,421128,63742,74317,216618,814,24162,116394,411335,-294941,421128,63742,357386,74317,216618,-142301,-23348
2008-01-08,652915,42167,207115,435131,65867,90172,233425,3722,25555,132339,440540,-308201,435131,65867,369264,90172,233425,-143253,-21833
2008-01-15,674665,45383,223406,437508,74739,100405,217605,3162,22214,145788,441011,-295223,437508,74739,362769,100405,217605,-117200,-19052
2008-01-22,667534,45456,232907,426226,80222,97397,206161,2688,25401,142853,439068,-296215,426226,80222,346004,97397,206161,-108764,-22713
2008-01-29,635444,49364,205247,407202,74971,89172,193576,1208,20168,138536,398823,-260287,407202,74971,332231,89172,193576,-104404,-18960
2008-02-05,647881,57945,184239,407833,76303,89662,214855,1363,22716,147607,399094,-251487,407833,76303,331530,89662,214855,-125193,-21353
2008-02-12,665163,61440,188822,411179,76082,96497,226535,957,23898,157937,415357,-257420,411179,76082,335097,96497,226535,-130038,-22941
2008-02-19,668637,80769,200881,407889,64249,98537,231574,1198,25624,179306,432455,-253149,407889,64249,343640,98537,231574,-133037,-24426
2008-02-26,680070,86260,195182,416613,65639,95912,249698,1376,26872,182172,444880,-262708,416613,65639,350974,95912,249698,-153786,-25496
2008-03-04,712148,79771,195427,431207,65414,109919,267041,1682,26597,189690,462468,-272778,431207,65414,365793,109919,267041,-157122,-24915
2008-03-11,750389,57126,200104,440748,67245,126044,260864,3347,27579,183170,460968,-277798,440748,67245,373503,126044,260864,-134820,-24232
2008-03-18,900737,54712,196657,439656,66911,108295,235363,2555,24464,163007,432020,-269013,439656,66911,372745,108295,235363,-127068,-21909
2008-03-25,645134,53225,194540,371125,60736,153120,246373,3141,24970,206345,440913,-234568,371125,60736,310389,153120,246373,-93253,-21829
2008-04-01,652488,57659,193131,362588,69697,157169,236263,3457,25749,214828,429394,-214566,362588,69697,292891,157169,236263,-79094,-22292
2008-04-08,659699,63292,191640,365024,79947,157914,235157,1319,25380,221206,426797,-205591,365024,79947,285077,157914,235157,-77243,-24061
2008-04-15,670568,69648,203528,360996,75142,163196,238290,2204,24027,232844,441818,-208974,360996,75142,285854,163196,238290,-75094,-21823
2008-04-22,669299,66945,203265,357763,70047,166014,234499,1662,24231,232959,437764,-204805,357763,70047,287716,166014,234499,-68485,-22569
2008-04-29,682805,72238,199012,360631,79230,165879,236653,959,24100,238117,435665,-197548,360631,79230,281401,165879,236653,-70774,-23141
2008-05-06,689765,78984,195266,354413,70946,164156,242567,1229,25692,243140,437833,-194693,354413,70946,283467,164156,242567,-78411,-24463
2008-05-13,711678,85097,194806,369426,78476,169029,259623,1363,24336,254126,454429,-200303,369426,78476,290950,169029,259623,-90594,-22973
2008-05-20,721871,83745,195231,380929,76504,168290,267875,291,24676,252035,463106,-211071,380929,76504,304425,168290,267875,-99585,-24385
2008-05-27,735503,88012,202328,381533,80001,170201,264840,1737,24521,258213,467168,-208955,381533,80001,301532,170201,264840,-94639,-22784
2008-06-03,748891,92521,206625,387797,77728,174168,273113,513,26199,266689,479738,-213049,387797,77728,310069,174168,273113,-98945,-25686
2008-06-10,749616,96064,202728,388222,82268,171421,273877,373,25567,267485,476605,-209120,388222,82268,305954,171421,273877,-102456,-25194
2008-06-17,795329,85452,199801,393668,71741,161040,275332,440,24404,246492,475133,-228641,393668,71741,321927,161040,275332,-114292,-23964
2008-06-24,601745,80983,198154,345669,60467,109932,238174,930,20018,190915,436328,-245413,345669,60467,285202,109932,238174,-128242,-19088
2008-07-01,638865,74544,210159,340533,65287,149605,253095,3512,17983,224149,463254,-239105,340533,65287,275246,149605,253095,-103490,-14471
2008-07-08,656864,63216,220508,354278,71203,174284,260515,3372,14714,237500,481023,-243523,354278,71203,283075,174284,260515,-86231,-11342
2008-07-15,678789,58978,223738,357559,74924,196307,270118,3380,15290,255285,493856,-238571,357559,74924,282635,196307,270118,-73811,-11910
2008-07-22,635199,79190,186133,337211,73876,162358,266023,2108,18633,241548,452156,-210608,337211,73876,263335,162358,266023,-103665,-16525
2008-07-29,601485,92175,184481,303055,79727,147147,251593,2874,17551,239322,436074,-196752,303055,79727,223328,147147,251593,-104446,-14677
2008-08-05,587567,86994,180046,293887,82854,145574,232509,1915,17557,232568,412555,-179987,293887,82854,211033,145574,232509,-86935,-15642
2008-08-12,583035,91378,177341,259335,118604,138010,187748,2755,20223,229388,365089,-135701,259335,118604,140731,138010,187748,-49738,-17468
2008-08-19,578920,94267,182748,274785,129089,137669,174491,3254,20200,231936,357239,-125303,274785,129089,145696,137669,174491,-36822,-16946
2008-08-26,579517,91313,183255,274456,131977,140298,171260,2998,20183,231611,354515,-122904,274456,131977,142479,140298,171260,-30962,-17185
2008-09-02,572052,92096,181843,267616,124721,136568,164286,4375,24421,228664,346129,-117465,267616,124721,142895,136568,164286,-27718,-20046
2008-09-09,554679,85064,165250,257838,128836,135252,155800,3090,23587,220316,321050,-100734,257838,128836,129002,135252,155800,-20548,-20497
2008-09-16,506451,59131,158469,261718,148731,119498,110348,2385,18672,178629,268817,-90188,261718,148731,112987,119498,110348,9150,-16287
2017-08-15,15205,5025,0,2871,6303,4619,4659,0,943,9644,4659,4985,2871,6303,-3432,4619,4659,-40,-943
2017-08-22,18159,4700,0,4502,7254,5070,5957,0,659,9770,5957,3813,4502,7254,-2752,5070,5957,-887,-659
2017-08-29,20938,4769,0,3913,8139,5077,5380,0,684,9846,5380,4466,3913,8139,-4226,5077,5380,-303,-684
2017-09-05,39917,5171,0,5161,10070,4627,3851,0,1169,9798,3851,5947,5161,10070,-4909,4627,3851,776,-1169
2017-09-12,812836,86606,20684,5029,137384,86101,25495,2675,2139,172707,46179,126528,5029,137384,-132355,86101,25495,60606,536
2017-09-19,528167,213524,195373,70673,113887,160517,146287,10529,5894,374041,341660,32381,70673,113887,-43214,160517,146287,14230,4635
2017-09-26,551503,226997,187995,60472,126910,166703,160783,19011,6087,393700,348778,44922,60472,126910,-66438,166703,160783,5920,12924
2017-10-03,543124,240107,151838,30793,156532,172135,157981,26146,6942,412242,309819,102423,30793,156532,-125739,172135,157981,14154,19204
2017-10-10,552048,251946,148837,21991,169949,176724,157994,28738,7538,428670,306831,121839,21991,169949,-147958,176724,157994,18730,21200
2017-10-17,564081,262214,147939,20049,186842,175037,153799,31771,7339,437251,301738,135513,20049,186842,-166793,175037,153799,21238,24432
2017-10-24,548305,253387,147703,20170,181329,170572,144884,29650,7361,423959,292587,131372,20170,181329,-161159,170572,144884,25688,22289
2017-10-31,548777,250197,149444,25298,179501,172381,144362,27875,6990,422578,293806,128772,25298,179501,-154203,172381,144362,28019,20885
2017-11-07,547432,244088,154766,35164,174667,174134,145564,20521,6095,418222,300330,117892,35164,174667,-139503,174134,145564,28570,14426
2017-11-14,547844,244153,155299,34345,182980,175407,138729,20013,6604,419560,294028,125532,34345,182980,-148635,175407,138729,36678,13409
2017-11-21,559043,257474,153565,34897,203917,175292,127058,19014,9391,432766,280623,152143,34897,203917,-169020,175292,127058,48234,9623
2017-11-28,573625,257139,152887,34355,214452,185199,127607,19280,9364,442338,280494,161844,34355,214452,-180097,185199,127607,57592,9916
2017-12-05,597819,259834,191262,36834,219139,201727,112531,18303,3403,461561,303793,157768,36834,219139,-182305,201727,112531,89196,14900
2017-12-12,684853,256452,221517,40253,196082,207681,111959,19606,1838,464133,333476,130657,40253,196082,-155829,207681,111959,95722,17768
2017-12-19,590117,255088,217285,34536,177154,201566,124676,19686,2379,456654,341961,114693,34536,177154,-142618,201566,124676,76890,17307
2017-12-26,593149,255299,219148,37095,176460,205657,129524,19524,1693,460956,348672,112284,37095,176460,-139365,205657,129524,76133,17831
2018-01-02,593300,256997,219599,38842,168818,202437,136268,18588,2241,459434,355867,103567,38842,168818,-129976,202437,136268,66169,16347
2018-01-09,582619,259987,218641,39732,160277,190944,133726,18324,3407,450931,352367,98564,39732,160277,-120545,190944,133726,57218,14917
2018-01-16,566053,255015,216210,40722,158140,180011,126794,18954,2338,435026,343004,92022,40722,158140,-117418,180011,126794,53217,16616
2018-01-23,549647,252740,187470,47832,165205,159122,127877,19233,2294,411862,315347,96515,47832,165205,-117373,159122,127877,31245,16939
2018-01-30,550424,246211,188854,41615,167794,167019,121869,19010,2459,413230,310723,102507,41615,167794,-126179,167019,121869,45150,16551
2018-02-06,563349,221735,207722,67244,148106,178474,129500,18525,2935,400209,337222,62987,67244,148106,-80862,178474,129500,48974,15590
2018-02-13,553683,219854,213870,89102,138638,153154,126243,16759,2368,373008,340113,32895,89102,138638,-49536,153154,126243,26911,14391
2018-02-20,536699,218093,207536,87590,141683,141088,113945,18114,3379,359181,321481,37700,87590,141683,-54093,141088,113945,27143,14735
2018-02-27,533201,216583,205762,79605,142313,149594,111413,18514,7100,366177,317175,49002,79605,142313,-62708,149594,111413,38181,11414
2018-03-06,526453,211316,209994,81630,132383,141647,103961,16922,7988,352963,313955,39008,81630,132383,-50753,141647,103961,37686,8934
2018-03-13,609507,229138,202007,69228,141633,140045,110204,16200,4348,369183,312211,56972,69228,141633,-72405,140045,110204,29841,11852
2018-03-20,489785,233013,201452,35960,122558,128570,94011,18307,3064,361583,295463,66120,35960,122558,-86598,128570,94011,34559,15243
2018-03-27,492355,228535,201110,39871,113484,126008,99583,19613,2484,354543,300693,53850,39871,113484,-73613,126008,99583,26425,17129
2018-04-03,491386,226783,204229,42848,116434,122194,91321,19529,788,348977,295550,53427,42848,116434,-73586,122194,91321,30873,18741
2018-04-10,492381,231594,201071,48639,117291,112513,92802,18292,878,344107,293873,50234,48639,117291,-68652,112513,92802,19711,17414
2018-04-17,498564,234115,194258,47841,128678,115587,91406,19567,2447,349702,285664,64038,47841,128678,-80837,115587,91406,24181,17120
2018-04-24,508581,237755,194502,46175,136836,127202,99073,18827,1409,364957,293575,71382,46175,136836,-90661,127202,99073,28129,17418
2018-05-01,512707,232734,195107,48040,137768,137336,103117,16860,2333,370070,298224,71846,48040,137768,-89728,137336,103117,34219,14527
2018-05-08,518854,237704,190394,45207,148742,139641,101206,15610,2545,377345,291600,85745,45207,148742,-103535,139641,101206,38435,13065
2018-05-15,521439,228112,184773,47575,154005,152889,106279,15900,4286,381001,291052,89949,47575,154005,-106430,152889,106279,46610,11614
2018-05-22,540853,234755,184091,43747,166172,168045,112474,15911,5653,402800,296565,106235,43747,166172,-122425,168045,112474,55571,10258
2018-05-29,554721,237088,190016,43087,169843,174212,114198,16235,5688,411300,304214,107086,43087,169843,-126756,174212,114198,60014,10547
2018-06-05,570551,242961,190497,46159,178354,174630,116670,19565,4831,417591,307167,110424,46159,178354,-132195,174630,116670,57960,14734
2018-06-12,643345,238390,187505,48817,177198,172320,117986,20395,3732,410710,305491,105219,48817,177198,-128381,172320,117986,54334,16663
2018-06-19,564169,253453,185752,38879,180972,169132,121007,22372,2388,422585,306759,115826,38879,180972,-142093,169132,121007,48125,19984
2018-06-26,557028,243859,165420,40378,175957,163474,136270,23014,1711,407333,301690,105643,40378,175957,-135579,163474,136270,27204,21303
2018-07-03,564786,254770,162466,44632,175557,160669,145792,18589,2314,415439,308258,107181,44632,175557,-130925,160669,145792,14877,16275
2018-07-10,580983,271919,154106,44308,183181,159907,161901,16619,1803,431826,316007,115819,44308,183181,-138873,159907,161901,-1994,14816
2018-07-17,573790,264076,150360,44807,182936,156343,156838,18046,1627,420419,307198,113221,44807,182936,-138129,156343,156838,-495,16419
2018-07-24,565945,265836,144776,46516,180850,146473,153157,17743,2132,412309,297933,114376,46516,180850,-134334,146473,153157,-6684,15611
2018-07-31,560454,258227,137231,48978,182310,147914,148044,17507,10431,406141,285275,120866,48978,182310,-133332,147914,148044,-130,7076
2018-08-07,554861,256075,158085,51423,170182,148308,140836,17128,10189,404383,298921,105462,51423,170182,-118759,148308,140836,7472,6939
2018-08-14,553040,252661,160973,50113,169326,151938,133464,17195,10751,404599,294437,110162,50113,169326,-119213,151938,133464,18474,6444
2018-08-21,560778,258914,160412,51571,168093,155852,144769,16766,15075,414766,305181,109585,51571,168093,-116522,155852,144769,11083,1691
2018-08-28,565113,259079,156677,49342,165869,157925,152011,17618,14962,417004,308688,108316,49342,165869,-116527,157925,152011,5914,2656
2018-09-04,553743,284015,152750,46718,163182,127759,151120,17680,14921,411774,303870,107904,46718,163182,-116464,127759,151120,-23361,2759
2018-09-11,553630,314124,147340,47474,165891,88651,155166,21234,11276,402775,302506,100269,47474,165891,-118417,88651,155166,-66515,9958
2018-09-18,652365,312473,151278,49596,157278,84425,158279,23102,10667,396898,309557,87341,49596,157278,-107682,84425,158279,-73854,12435
2018-09-25,533153,312622,151123,40521,151052,82705,147081,19372,10595,395327,298204,97123,40521,151052,-110531,82705,147081,-64376,8777
2018-10-02,536678,295225,156999,50108,128606,92578,165909,19312,11561,387803,322908,64895,50108,128606,-78498,92578,165909,-73331,7751
2018-10-09,532675,262382,157894,68018,126635,101192,161077,18692,11925,363574,318971,44603,68018,126635,-58617,101192,161077,-59885,6767
2018-10-16,506187,239107,157937,65531,98165,90206,152259,18817,11365,329313,310196,19117,65531,98165,-32634,90206,152259,-62053,7452
2018-10-23,496593,228689,162919,72691,81667,89915,158748,18101,11392,318604,321667,-3063,72691,81667,-8976,89915,158748,-68833,6709
2018-10-30,492701,224253,177395,72936,71298,95061,152242,19225,13635,319314,329637,-10323,72936,71298,1638,95061,152242,-57181,5590
2018-11-06,481183,224630,170395,75454,69223,92355,150786,14158,15065,316985,321181,-4196,75454,69223,6231,92355,150786,-58431,-907
2018-11-13,473271,218253,172196,73947,71313,87363,135883,15800,16296,305616,308079,-2463,73947,71313,2634,87363,135883,-48520,-496
2018-11-20,479920,213608,179459,76986,63508,91209,136056,14170,17302,304817,315515,-10698,76986,63508,13478,91209,136056,-44847,-3132
2018-11-27,479067,205290,174064,75726,73181,100583,135231,16090,17442,305873,309295,-3422,75726,73181,2545,100583,135231,-34648,-1352
2018-12-04,481067,208648,175668,81389,62715,96401,141574,12950,17811,305049,317242,-12193,81389,62715,18674,96401,141574,-45173,-4861
2018-12-11,493517,205884,186902,81592,64614,106036,138334,11305,17752,311920,325236,-13316,81592,64614,16978,106036,138334,-32298,-6447
2018-12-18,567240,205657,179604,82452,76263,123897,150717,16992,17573,329554,330321,-767,82452,76263,6189,123897,150717,-26820,-581
2018-12-24,489589,204096,198012,79651,66362,106978,125315,17722,14892,311074,323327,-12253,79651,66362,13289,106978,125315,-18337,2830
2018-12-31,473663,200158,197594,76091,55728,93243,123958,22048,14676,293401,321552,-28151,76091,55728,20363,93243,123958,-30715,7372
2019-01-08,473851,211911,195633,77188,52252,81159,128239,19821,16017,293070,323872,-30802,77188,52252,24936,81159,128239,-47080,3804
2019-01-15,471288,216060,185671,83173,55599,74049,132375,19356,17656,290109,318046,-27937,83173,55599,27574,74049,132375,-58326,1700
2019-01-22,472210,215207,182016,91501,55192,70682,134859,16579,19217,285889,316875,-30986,91501,55192,36309,70682,134859,-64177,-2638
2019-01-29,482137,213683,183034,99088,56149,78964,141056,13440,23360,292647,324090,-31443,99088,56149,42939,78964,141056,-62092,-9920
2019-02-05,496862,228090,186615,105783,66818,75408,138538,10414,23927,303498,325153,-21655,105783,66818,38965,75408,138538,-63130,-13513
2019-02-12,501478,253833,231652,102498,74037,57785,88175,9088,26855,311618,319827,-8209,102498,74037,28461,57785,88175,-30390,-17767
2019-02-19,498848,256562,224190,98927,80605,56027,81865,9258,31150,312589,306055,6534,98927,80605,18322,56027,81865,-25838,-21892
2019-02-26,514351,257965,219444,95324,95133,69108,82532,7885,31869,327073,301976,25097,95324,95133,191,69108,82532,-13424,-23984
2019-03-05,518068,256955,222973,101294,89474,71019,86184,5421,36077,327974,309157,18817,101294,89474,11820,71019,86184,-15165,-30656
2019-03-12,581023,249482,227876,100162,85805,65480,82252,6676,30761,314962,310128,4834,100162,85805,14357,65480,82252,-16772,-24085
2019-03-19,457675,245417,222035,67853,73775,66741,61226,6183,30844,312158,283261,28897,67853,73775,-5922,66741,61226,5515,-24661
2019-03-26,463296,241897,216833,72655,65568,65255,72961,7207,32474,307152,289794,17358,72655,65568,7087,65255,72961,-7706,-25267
2019-04-02,445240,228277,215292,74846,58584,58738,63076,7055,31618,287015,278368,8647,74846,58584,16262,58738,63076,-4338,-24563
2019-04-09,441149,225657,195673,70586,62825,53532,66405,7257,33541,279189,262078,17111,70586,62825,7761,53532,66405,-12873,-26284
2019-04-16,434372,225518,193797,68610,60197,54229,73200,7505,31117,279747,266997,12750,68610,60197,8413,54229,73200,-18971,-23612
2019-04-23,429701,232070,192358,65900,61619,45357,71565,7612,29451,277427,263923,13504,65900,61619,4281,45357,71565,-26208,-21839
2019-04-30,431913,239149,194084,60881,68209,49707,67679,7220,29451,288856,261763,27093,60881,68209,-7328,49707,67679,-17972,-22231
2019-05-07,439563,240849,190211,63962,73025,53129,73340,7046,31395,293978,263551,30427,63962,73025,-9063,53129,73340,-20211,-24349
2019-05-14,432043,232058,193272,62654,67670,50802,69778,10847,29115,282860,263050,19810,62654,67670,-5016,50802,69778,-18976,-18268
2019-05-21,432550,234347,186364,65438,68685,47927,73989,12074,32510,282274,260353,21921,65438,68685,-3247,47927,73989,-26062,-20436
2019-05-28,432078,229589,187461,64771,62091,53691,75104,10719,34073,283280,262565,20715,64771,62091,2680,53691,75104,-21413,-23354
2019-06-04,428540,218405,188836,65472,52665,52247,71531,10702,32585,270652,260367,10285,65472,52665,12807,52247,71531,-19284,-21883
2019-06-11,431445,214700,196537,69364,48171,51833,71609,9925,31799,266533,268146,-1613,69364,48171,21193,51833,71609,-19776,-21874
2019-06-18,478750,217970,175499,68404,47801,44567,73092,9360,32047,262537,248591,13946,68404,47801,20603,44567,73092,-28525,-22687
2019-06-25,417005,212456,190277,65314,41559,45964,77800,12863,29026,258420,268077,-9657,65314,41559,23755,45964,77800,-31836,-16163
2019-07-02,419515,216922,198328,79273,35190,41934,83909,6944,29581,258856,282237,-23381,79273,35190,44083,41934,83909,-41975,-22637
2019-07-09,427377,220814,202494,81752,37842,44688,84874,6257,29724,265502,287368,-21866,81752,37842,43910,44688,84874,-40186,-23467
2019-07-16,430509,217014,203960,83636,34450,47298,88901,6358,29591,264312,292861,-28549,83636,34450,49186,47298,88901,-41603,-23233
2019-07-23,439350,221611,204595,86671,36159,49454,95286,6414,29464,271065,299881,-28816,86671,36159,50512,49454,95286,-45832,-23050
2019-07-30,444144,227132,202918,81556,46715,52368,90489,6443,29525,279500,293407,-13907,81556,46715,34841,52368,90489,-38121,-23082
2019-08-06,460356,217865,225541,92878,38362,61072,83933,9861,31987,278937,309474,-30537,92878,38362,54516,61072,83933,-22861,-22126
2019-08-13,455258,216072,230109,96948,40426,53115,73482,10017,31651,269187,303591,-34404,96948,40426,56522,53115,73482,-20367,-21634
2019-08-20,458080,213139,236573,97970,37458,63222,76661,10538,30640,276361,313234,-36873,97970,37458,60512,63222,76661,-13439,-20102
2019-08-27,476614,216395,245975,107540,37966,65240,82076,9147,28837,281635,328051,-46416,107540,37966,69574,65240,82076,-16836,-19690
2019-09-03,468929,211569,244051,107383,34578,59577,82256,11245,28877,271146,326307,-55161,107383,34578,72805,59577,82256,-22679,-17632
2019-09-10,471475,213457,240562,106751,49149,54417,67473,12292,27342,267874,308035,-40161,106751,49149,57602,54417,67473,-13056,-15050
2019-09-17,522134,234148,211918,83185,78070,58883,73266,12267,27127,293031,285184,7847,83185,78070,5115,58883,73266,-14383,-14860
2019-09-24,448110,235627,210641,60535,62844,63830,75050,11612,26194,299457,285691,13766,60535,62844,-2309,63830,75050,-11220,-14582
2019-10-01,449727,226584,217834,65469,65767,65302,64184,11223,25924,291886,282018,9868,65469,65767,-298,65302,64184,1118,-14701
2019-10-08,449838,222564,224032,72485,55606,58371,63367,13986,25403,280935,287399,-6464,72485,55606,16879,58371,63367,-4996,-11417
2019-10-15,453600,233787,219394,66181,63228,58617,62096,12081,27767,292404,281490,10914,66181,63228,2953,58617,62096,-3479,-15686
2019-10-22,452582,241066,219024,61661,69332,61811,61304,10876,27755,302877,280328,22549,61661,69332,-7671,61811,61304,507,-16879
2019-10-29,455076,238346,212662,58126,76026,66568,60166,10666,30548,304914,272828,32086,58126,76026,-17900,66568,60166,6402,-19882
2019-11-05,469133,247910,212855,60733,90212,69691,62374,10183,29593,317601,275229,42372,60733,90212,-29479,69691,62374,7317,-19410
2019-11-12,477923,255420,202404,60815,109736,68493,61333,9503,28368,323913,263737,60176,60815,109736,-48921,68493,61333,7160,-18865
2019-11-19,481084,262467,196322,60695,114579,64448,64126,10181,28576,326915,260448,66467,60695,114579,-53884,64448,64126,322,-18395
2019-11-26,491669,263293,187573,60586,124768,71614,66778,8783,30752,334907,254351,80556,60586,124768,-64182,71614,66778,4836,-21969
2019-12-03,486027,258323,188524,63011,116939,65580,58640,8072,32406,323903,247164,76739,63011,116939,-53928,65580,58640,6940,-24334
2019-12-10,509470,266797,171604,61296,136032,68190,68311,8939,31593,334987,239915,95072,61296,136032,-74736,68190,68311,-121,-22654
2019-12-17,550976,280594,155588,62382,147905,70200,78059,9291,31761,350794,233647,117147,62382,147905,-85523,70200,78059,-7859,-22470
2019-12-24,482703,264882,163321,53773,146601,72688,71094,10519,29209,337570,234415,103155,53773,146601,-92828,72688,71094,1594,-18690
2019-12-31,490318,265493,161204,51378,152649,76271,70597,8891,28783,341764,231801,109963,51378,152649,-101271,76271,70597,5674,-19892
2020-01-07,491774,269210,156099,47609,145168,78707,82088,9175,30403,347917,238187,109730,47609,145168,-97559,78707,82088,-3381,-21228
2020-01-14,500418,280562,157073,39961,142027,81610,90990,9649,32216,362172,248063,114109,39961,142027,-102066,81610,90990,-9380,-22567
2020-01-21,511001,289948,163348,41019,149557,88499,93874,8916,30793,378447,257222,121225,41019,149557,-108538,88499,93874,-5375,-21877
2020-01-28,507440,288635,165417,42013,150048,82087,84722,8759,31183,370722,250139,120583,42013,150048,-108035,82087,84722,-2635,-22424
2020-02-04,502150,292228,163325,49125,148416,68768,82940,7976,29440,360996,246265,114731,49125,148416,-99291,68768,82940,-14172,-21464
2020-02-11,492115,283179,160186,53191,149410,68742,82353,8074,29008,351921,242539,109382,53191,149410,-96219,68742,82353,-13611,-20934
2020-02-18,492375,281166,157326,53894,154728,72794,82253,8333,28850,353960,239579,114381,53894,154728,-100834,72794,82253,-9459,-20517
2020-02-25,487789,261692,173145,56626,138681,79431,72850,8090,28334,341123,245995,95128,56626,138681,-82055,79431,72850,6581,-20244
2020-03-03,482865,235649,194730,48608,101770,87271,73511,14095,20414,322920,268241,54679,48608,101770,-53162,87271,73511,13760,-6319
2020-03-10,522286,215471,235875,63129,72264,112075,79492,18512,17665,327546,315367,12179,63129,72264,-9135,112075,79492,32583,847
2020-03-17,647729,214618,266987,95537,68754,122372,97530,19229,20794,336990,364517,-27527,95537,68754,26783,122372,97530,24842,-1565
2020-03-24,553511,220633,243798,88287,75985,109530,87384,19740,29853,330163,331182,-1019,88287,75985,12302,109530,87384,22146,-10113
2020-03-31,550180,238073,240368,88424,68155,88882,92967,19854,32448,326955,333335,-6380,88424,68155,20269,88882,92967,-4085,-12594
2020-04-07,574853,231905,267044,124249,69014,87539,87966,20155,37422,319444,355010,-35566,124249,69014,55235,87539,87966,-427,-17267
2020-04-14,544432,233561,240539,121621,71251,61168,83389,19666,36769,294729,323928,-29199,121621,71251,50370,61168,83389,-22221,-17103
2020-04-21,563861,231537,253991,141316,65080,72471,104187,20424,36221,304008,358178,-54170,141316,65080,76236,72471,104187,-31716,-15797
2020-04-28,541367,227087,238314,143650,60051,61699,105776,19514,41676,288786,344090,-55304,143650,60051,83599,61699,105776,-44077,-22162
2020-05-05,528109,212113,243490,140416,54878,66759,91952,19068,43063,278872,335442,-56570,140416,54878,85538,66759,91952,-25193,-23995
2020-05-12,537097,226330,245718,147217,54084,67140,106245,14821,43038,293470,351963,-58493,147217,54084,93133,67140,106245,-39105,-28217
2020-05-19,561724,240293,260303,137728,40285,83322,122285,12083,45422,323615,382588,-58973,137728,40285,97443,83322,122285,-38963,-33339
2020-05-26,573475,248036,257112,131322,40172,96626,134586,12962,51196,344662,391698,-47036,131322,40172,91150,96626,134586,-37960,-38234
2020-06-02,580199,264044,240710,130658,50957,86730,144932,13008,52692,350774,385642,-34868,130658,50957,79701,86730,144932,-58202,-39684
2020-06-09,589423,271258,224364,124882,54628,87973,157934,9058,55852,359231,382298,-23067,124882,54628,70254,87973,157934,-69961,-46794
2020-06-16,630506,257103,229625,117392,44969,83274,134099,13014,61400,340377,363724,-23347,117392,44969,72423,83274,134099,-50825,-48386
2020-06-23,529534,260447,219303,65452,46768,98873,110303,12892,60284,359320,329606,29714,65452,46768,18684,98873,110303,-11430,-47392
2020-06-30,543789,259862,224553,81347,43011,87910,113967,14702,62510,347772,338520,9252,81347,43011,38336,87910,113967,-26057,-47808
2020-07-07,536676,261426,225395,94716,41655,79084,115681,10548,63226,340510,341076,-566,94716,41655,53061,79084,115681,-36597,-52678
2020-07-14,519916,233004,224422,108518,39428,75191,99706,11338,63041,308195,324128,-15933,108518,39428,69090,75191,99706,-24515,-51703
2020-07-21,514220,236838,219370,106363,52195,70080,87844,10743,63251,306918,307214,-296,106363,52195,54168,70080,87844,-17764,-52508
2020-07-28,502183,231324,218284,98734,48395,74088,80466,10746,64601,305412,298750,6662,98734,48395,50339,74088,80466,-6378,-53855
2020-08-04,514983,240620,218141,105924,44395,76559,100205,8059,65514,317179,318346,-1167,105924,44395,61529,76559,100205,-23646,-57455
2020-08-11,510303,256299,209849,87254,52170,73941,96750,7825,65052,330240,306599,23641,87254,52170,35084,73941,96750,-22809,-57227
2020-08-18,509501,263681,203123,76196,54465,73269,96129,8061,66675,336950,299252,37698,76196,54465,21731,73269,96129,-22860,-58614
2020-08-25,512065,259486,199352,77060,60570,78131,98905,7872,65695,337617,298257,39360,77060,60570,16490,78131,98905,-20774,-57823
2020-09-01,507303,250908,188420,73094,50823,80403,108635,8105,68489,331311,297055,34256,73094,50823,22271,80403,108635,-28232,-60384
2020-09-08,509276,246390,198222,80232,50748,79179,99110,9582,68682,325569,297332,28237,80232,50748,29484,79179,99110,-19931,-59100
2020-09-15,576056,254760,208683,80375,48936,73447,87202,7850,70501,328207,295885,32322,80375,48936,31439,73447,87202,-13755,-62651
2020-09-22,510832,252833,228232,96364,54573,67376,79645,8861,65871,320209,307877,12332,96364,54573,41791,67376,79645,-12269,-57010
2020-09-29,501551,251061,229246,94570,38755,66150,84816,6677,67028,317211,314062,3149,94570,38755,55815,66150,84816,-18666,-60351
2020-10-06,520477,266386,214479,87523,53394,64546,91865,6739,66916,330932,306344,24588,87523,53394,34129,64546,91865,-27319,-60177
2020-10-13,546941,283095,209113,86296,73228,76335,105707,7047,67793,359430,314820,44610,86296,73228,13068,76335,105707,-29372,-60746
2020-10-20,551361,295708,209654,84402,85923,75511,106906,7277,67181,371219,316560,54659,84402,85923,-1521,75511,106906,-31395,-59904
2020-10-27,546091,294548,209119,83335,84790,67607,108295,14934,64326,362155,317414,44741,83335,84790,-1455,67607,108295,-40688,-49392
2020-11-03,536634,271558,215535,90004,72341,76395,107192,11087,62642,347953,322727,25226,90004,72341,17663,76395,107192,-30797,-51555
2020-11-10,538731,279132,204767,82966,91150,70433,95663,9024,63029,349565,300430,49135,82966,91150,-8184,70433,95663,-25230,-54005
2020-11-17,563893,307180,195313,74654,92021,76105,124412,9427,63002,383285,319725,63560,74654,92021,-17367,76105,124412,-48307,-53575
2020-11-24,573883,310137,193952,73915,91161,78461,136495,9450,57911,388598,330447,58151,73915,91161,-17246,78461,136495,-58034,-48461
2020-12-01,566276,288894,191640,85021,96740,81510,127341,7884,59207,370404,318981,51423,85021,96740,-11719,81510,127341,-45831,-51323
2020-12-08,572754,288453,181756,98266,99900,73256,139659,10156,56761,361709,321415,40294,98266,99900,-1634,73256,139659,-66403,-46605
2020-12-15,647624,277079,172530,104416,110668,76275,133530,8945,57865,353354,306060,47294,104416,110668,-6252,76275,133530,-57255,-48920
2020-12-21,531281,279343,169471,77065,119922,71438,96190,9964,59363,350781,265661,85120,77065,119922,-42857,71438,96190,-24752,-49399
2020-12-29,539480,271965,172680,81077,113310,71690,110098,7749,60459,343655,282778,60877,81077,113310,-32233,71690,110098,-38408,-52710
2021-01-05,532906,272921,163161,72786,112576,74877,116556,13403,57429,347798,279717,68081,72786,112576,-39790,74877,116556,-41679,-44026
2021-01-12,561890,294253,157052,80383,120450,74748,130210,10242,64293,369001,287262,81739,80383,120450,-40067,74748,130210,-55462,-54051
2021-01-19,564139,270571,151411,102828,119491,77924,137354,11507,66371,348495,288765,59730,102828,119491,-16663,77924,137354,-59430,-54864
2021-01-26,568210,259010,151756,114517,112501,77534,140329,14856,71015,336544,292085,44459,114517,112501,2016,77534,140329,-62795,-56159
2021-02-02,567444,235792,147701,132031,103178,79709,149119,14971,72517,315501,296820,18681,132031,103178,28853,79709,149119,-69410,-57546
2021-02-09,584219,248178,137385,139720,106449,80141,168371,9211,71664,328319,305756,22563,139720,106449,33271,80141,168371,-88230,-62453
2021-02-16,584574,246713,142348,145175,99275,74044,174890,8661,65917,320757,317238,3519,145175,99275,45900,74044,174890,-100846,-57256
2021-02-23,585467,249837,136467,144673,105425,78590,179665,7218,67924,328427,316132,12295,144673,105425,39248,78590,179665,-101075,-60706
2021-03-02,579078,246886,133500,152496,102458,69039,177130,8042,73047,315925,310630,5295,152496,102458,50038,69039,177130,-108091,-65005
2021-03-09,564834,242940,128155,140644,109109,71518,164775,10427,74344,314458,292930,21528,140644,109109,31535,71518,164775,-93257,-63917
2021-03-16,630589,248707,121975,130460,105450,66183,166573,10577,70483,314890,288548,26342,130460,105450,25010,66183,166573,-100390,-59906
2021-03-23,500961,252362,122602,95548,131895,56950,102260,10268,69199,309312,224862,84450,95548,131895,-36347,56950,102260,-45310,-58931
2021-03-30,481254,231971,123004,97113,130396,56346,88170,9001,64532,288317,211174,77143,97113,130396,-33283,56346,88170,-31824,-55531
2021-04-06,481263,240399,124633,92366,135934,54752,91403,8685,57617,295151,216036,79115,92366,135934,-43568,54752,91403,-36651,-48932
2021-04-13,469529,229033,126739,94315,131713,55264,92831,8137,46313,284297,219570,64727,94315,131713,-37398,55264,92831,-37567,-38176
2021-04-20,469152,225975,128697,100946,126510,49098,93704,8257,45325,275073,222401,52672,100946,126510,-25564,49098,93704,-44606,-37068
2021-04-27,450828,226877,119403,95195,117921,35359,91435,8739,46961,262236,210838,51398,95195,117921,-22726,35359,91435,-56076,-38222
2021-05-04,457981,221515,126394,108016,111210,35987,95798,7888,46934,257502,222192,35310,108016,111210,-3194,35987,95798,-59811,-39046
2021-05-11,460536,215068,129821,110831,103498,37338,98713,8734,47792,252406,228534,23872,110831,103498,7333,37338,98713,-61375,-39058
2021-05-18,470107,213210,153538,116270,93359,40328,89181,6925,48673,253538,242719,10819,116270,93359,22911,40328,89181,-48853,-41748
2021-05-25,460473,210687,158720,117226,92133,39818,87273,7683,46113,250505,245993,4512,117226,92133,25093,39818,87273,-47455,-38430
2021-06-01,465599,222470,155915,113752,89561,41735,94768,8183,51327,264205,250683,13522,113752,89561,24191,41735,94768,-53033,-43144
2021-06-08,472722,225051,154497,119675,93435,39980,97392,5862,51159,265031,251889,13142,119675,93435,26240,39980,97392,-57412,-45297
2021-06-15,505299,216159,150704,113749,83466,39049,94463,5622,51539,255208,245167,10041,113749,83466,30283,39049,94463,-55414,-45917
2021-06-22,420861,214453,149218,85346,62358,39185,84915,5185,52568,253638,234133,19505,85346,62358,22988,39185,84915,-45730,-47383
2021-06-29,426985,214943,150367,88352,62021,36103,89152,6335,50738,251046,239519,11527,88352,62021,26331,36103,89152,-53049,-44403
2021-07-06,425806,210724,154533,90940,55018,37400,88936,4432,52668,248124,243469,4655,90940,55018,35922,37400,88936,-51536,-48236
2021-07-13,429338,201079,156493,96310,47572,38133,87470,3736,54967,239212,243963,-4751,96310,47572,48738,38133,87470,-49337,-51231
2021-07-20,462556,200761,183224,113765,39796,55826,105171,3902,53723,256587,288395,-31808,113765,39796,73969,55826,105171,-49345,-49821
2021-07-27,467076,206521,182692,119930,37510,48204,118444,6272,47511,254725,301136,-46411,119930,37510,82420,48204,118444,-70240,-41239
2021-08-03,462166,204737,175741,120598,39918,45206,119619,5657,47330,249943,295360,-45417,120598,39918,80680,45206,119619,-74413,-41673
2021-08-10,464118,206347,173277,120056,42945,47457,122016,5620,46038,253804,295293,-41489,120056,42945,77111,47457,122016,-74559,-40418
2021-08-17,464741,199932,167567,118624,42009,53287,128061,6638,45376,253219,295628,-42409,118624,42009,76615,53287,128061,-74774,-38738
2021-08-24,461148,194290,160575,128929,39998,47273,132878,3799,46229,241563,293453,-51890,128929,39998,88931,47273,132878,-85605,-42430
2021-08-31,463052,198953,155697,124013,46049,46748,130127,4210,48612,245701,285824,-40123,124013,46049,77964,46748,130127,-83379,-44402
2021-09-07,462408,199762,151311,121363,49262,41145,130093,6599,47180,240907,281404,-40497,121363,49262,72101,41145,130093,-88948,-40581
2021-09-14,494843,199329,165157,128010,47593,46730,126583,6037,48349,246059,291740,-45681,128010,47593,80417,46730,126583,-79853,-42312
2021-09-21,442235,201504,178536,108801,22014,41144,114062,2993,47233,242648,292598,-49950,108801,22014,86787,41144,114062,-72918,-44240
2021-09-28,443206,206366,169372,98876,31376,42845,113477,3495,45577,249211,282849,-33638,98876,31376,67500,42845,113477,-70632,-42082
2021-10-05,455850,209877,175474,99023,32622,45804,119289,8084,45216,255681,294763,-39082,99023,32622,66401,45804,119289,-73485,-37132
2021-10-12,462015,208111,182560,102527,38002,47614,116347,11588,44358,255725,298907,-43182,102527,38002,64525,47614,116347,-68733,-32770
2021-10-19,467054,209016,176800,107872,47219,51078,120505,4497,41505,260094,297305,-37211,107872,47219,60653,51078,120505,-69427,-37008
2021-10-26,471534,209596,170057,107316,60065,55060,118719,5149,41878,264656,288776,-24120,107316,60065,47251,55060,118719,-63659,-36729
2021-11-02,469198,213440,164088,94445,65349,56164,112680,4946,42592,269604,276768,-7164,94445,65349,29096,56164,112680,-56516,-37646
2021-11-09,484918,224287,143619,85760,99895,56158,102132,6283,43983,280445,245751,34694,85760,99895,-14135,56158,102132,-45974,-37700
2021-11-16,487638,229998,140888,86507,113878,55258,100009,6013,43661,285256,240897,44359,86507,113878,-27371,55258,100009,-44751,-37648
2021-11-23,488402,233316,147947,87746,113135,51083,95120,6648,44383,284399,243067,41332,87746,113135,-25389,51083,95120,-44037,-37735
2021-11-30,482305,209583,165187,95884,80966,54206,93806,6621,45398,263789,258993,4796,95884,80966,14918,54206,93806,-39600,-38777
2021-12-07,478092,206213,165001,94995,85271,47019,81623,14207,44876,253232,246624,6608,94995,85271,9724,47019,81623,-34604,-30669
2021-12-14,549733,196227,155634,99425,75408,56009,102912,15103,43886,252236,258546,-6310,99425,75408,24017,56009,102912,-46903,-28783
2021-12-21,475124,198408,164836,95354,85152,65232,93220,14530,41887,263640,258056,5584,95354,85152,10202,65232,93220,-27988,-27357
2021-12-28,474950,202083,153781,97897,98510,63320,92205,12729,45045,265403,245986,19417,97897,98510,-613,63320,92205,-28885,-32316
2022-01-04,466222,209466,134844,93400,107678,59143,97837,5442,39654,268609,232681,35928,93400,107678,-14278,59143,97837,-38694,-34212
2022-01-11,471031,199927,145441,88840,99730,70751,97693,11173,38661,270678,243134,27544,88840,99730,-10890,70751,97693,-26942,-27488
2022-01-18,484155,192123,160051,94663,82204,80118,109555,11726,37358,272241,269606,2635,94663,82204,12459,80118,109555,-29437,-25632
2022-01-25,497609,192167,190489,92985,84556,91345,87837,10616,31938,283512,278326,5186,92985,84556,8429,91345,87837,3508,-21322
2022-02-01,496371,196637,189750,102589,54531,83179,107131,6258,40509,279816,296881,-17065,102589,54531,48058,83179,107131,-23952,-34251
2022-02-08,515735,191729,198299,120888,40937,83946,125688,8382,41735,275675,323987,-48312,120888,40937,79951,83946,125688,-41742,-33353
2022-02-15,513782,195655,199535,138889,40835,61915,116023,6189,46087,257570,315558,-57988,138889,40835,98054,61915,116023,-54108,-39898
2022-02-22,526025,197815,208198,139224,49417,72164,118509,10194,43187,269979,326707,-56728,139224,49417,89807,72164,118509,-46345,-32993
2022-03-01,526598,188067,226933,160488,41841,67909,115372,9660,37718,255976,342305,-86329,160488,41841,118647,67909,115372,-47463,-28058
2022-03-08,543388,183899,237119,163067,44575,73171,111826,16218,37587,257070,348945,-91875,163067,44575,118492,73171,111826,-38655,-21369
2022-03-15,599880,188360,244876,172450,42935,74297,121836,15655,36511,262657,366712,-104055,172450,42935,129515,74297,121836,-47539,-20856
2022-03-22,495389,184343,217488,165027,12729,42452,132461,12060,39419,226795,349949,-123154,165027,12729,152298,42452,132461,-90009,-27359
2022-03-29,484301,183382,203839,164926,9522,33428,132309,8630,42583,216810,336148,-119338,164926,9522,155404,33428,132309,-98881,-33953
2022-04-05,482091,179717,200331,161276,8179,36204,131516,8508,45090,215921,331847,-115926,161276,8179,153097,36204,131516,-95312,-36582
2022-04-12,483323,185724,213541,153585,9236,37443,116713,8816,44529,223167,330254,-107087,153585,9236,144349,37443,116713,-79270,-35713
2022-04-19,473720,182588,204942,152300,10173,29934,116185,11836,43434,212522,321127,-108605,152300,10173,142127,29934,116185,-86251,-31598
2022-04-26,503335,172832,230061,180094,10682,42452,115717,8803,43483,215284,345778,-130494,180094,10682,169412,42452,115717,-73265,-34680
2022-05-03,512352,146537,241859,203068,10618,46635,114634,16871,42927,193172,356493,-163321,203068,10618,192450,46635,114634,-67999,-26056
2022-05-10,548257,142206,263723,226026,11946,59062,116822,15550,45645,201268,380545,-179277,226026,11946,214080,59062,116822,-57760,-30095
2022-05-17,551197,144705,264298,220681,13545,54771,120281,22545,40280,199476,384579,-185103,220681,13545,207136,54771,120281,-65510,-17735
2022-05-24,556096,146297,266277,230935,24389,49828,122093,27034,39010,196125,388370,-192245,230935,24389,206546,49828,122093,-72265,-11976
2022-05-31,557766,148764,264008,245081,22281,39099,131770,24177,35875,187863,395778,-207915,245081,22281,222800,39099,131770,-92671,-11698
2022-06-07,570089,159131,257866,241161,25453,35950,134375,22312,36608,195081,392241,-197160,241161,25453,215708,35950,134375,-98425,-14296
2022-06-14,659301,154927,274641,249768,27598,52059,138439,21459,43733,206986,413080,-206094,249768,27598,222170,52059,138439,-86380,-22274
2022-06-21,584934,151642,282881,238863,27528,74185,136199,24735,40665,225827,419080,-193253,238863,27528,211335,74185,136199,-62014,-15930
2022-06-28,585584,150371,274850,245527,28532,77523,145101,15579,35125,227894,419951,-192057,245527,28532,216995,77523,145101,-67578,-19546
2022-07-05,600763,165817,278275,246160,25554,73504,158708,17295,35258,239321,436983,-197662,246160,25554,220606,73504,158708,-85204,-17963
2022-07-12,601765,160505,281712,252840,28189,78094,154432,16304,37221,238599,436144,-197545,252840,28189,224651,78094,154432,-76338,-20917
2022-07-19,592789,168465,285722,234593,29044,82477,147511,19194,36939,250942,433233,-182291,234593,29044,205549,82477,147511,-65034,-17745
2022-07-26,582666,172455,281771,235907,30643,75900,140917,10129,36033,248355,422688,-174333,235907,30643,205264,75900,140917,-65017,-25904
2022-08-02,567824,174257,264328,232964,30655,60267,140725,10665,38493,234524,405053,-170529,232964,30655,202309,60267,140725,-80458,-27828
2022-08-09,556831,175137,250735,223172,31413,58556,143191,9622,36219,233693,393926,-160233,223172,31413,191759,58556,143191,-84635,-26597
2022-08-16,542318,180379,211408,200577,33984,54080,158549,10458,39134,234459,369957,-135498,200577,33984,166593,54080,158549,-104469,-28676
2022-08-23,532899,178374,216816,188928,32268,59199,142882,9640,42003,237573,359698,-122125,188928,32268,156660,59199,142882,-83683,-32363
2022-08-30,538814,169822,228160,190361,30487,67988,138070,9932,40122,237810,366230,-128420,190361,30487,159874,67988,138070,-70082,-30190
2022-09-06,557294,169251,236638,201611,30173,70431,144203,10713,39777,239682,380841,-141159,201611,30173,171438,70431,144203,-73772,-29064
2022-09-13,599533,164933,230057,215119,30719,63400,144958,9804,38723,228333,375015,-146682,215119,30719,184400,63400,144958,-81558,-28919
2022-09-20,539745,160259,231048,211350,28946,73118,153968,9632,39276,233377,385016,-151639,211350,28946,182404,73118,153968,-80850,-29644
2022-09-27,562136,150913,246182,221557,28002,88482,157397,13962,42231,239395,403579,-164184,221557,28002,193555,88482,157397,-68915,-28269
2022-10-04,569019,150015,256576,222761,32619,92880,150436,15153,41837,242895,407012,-164117,222761,32619,190142,92880,150436,-57556,-26684
2022-10-11,577924,143582,259298,225171,37813,101968,151175,15291,36721,245550,410473,-164923,225171,37813,187358,101968,151175,-49207,-21430
2022-10-18,548773,146037,245871,196310,43362,94712,138879,19122,33084,240749,384750,-144001,196310,43362,152948,94712,138879,-44167,-13962
2022-10-25,537371,144035,234198,177566,48417,99576,136009,23654,32384,243611,370207,-126596,177566,48417,129149,99576,136009,-36433,-8730
2022-11-01,513460,157511,218201,135516,56552,103054,128285,30117,27530,260565,346486,-85921,135516,56552,78964,103054,128285,-25231,2587
2022-11-08,506345,161231,211635,130240,50892,104723,137017,28106,28240,265954,348652,-82698,130240,50892,79348,104723,137017,-32294,-134
2022-11-15,479087,166143,185510,119275,45856,83421,143164,24470,25128,249564,328674,-79110,119275,45856,73419,83421,143164,-59743,-658
2022-11-22,484934,173847,184210,121451,57300,79842,137295,27689,29355,253689,321505,-67816,121451,57300,64151,79842,137295,-57453,-1666
2022-11-29,483703,171898,184164,123556,60067,82984,131816,23699,30683,254882,315980,-61098,123556,60067,63489,82984,131816,-48832,-6984
2022-12-06,494586,175886,184160,122289,62516,83064,135415,23720,28942,258950,319575,-60625,122289,62516,59773,83064,135415,-52351,-5222
2022-12-13,531385,170834,179638,119731,70778,86684,129082,24147,27949,257518,308720,-51202,119731,70778,48953,86684,129082,-42398,-3802
2022-12-20,447088,167505,186526,89648,30413,83831,123751,25103,27399,251336,310277,-58941,89648,30413,59235,83831,123751,-39920,-2296
2022-12-27,443772,166434,182396,92838,27742,78524,125222,23101,25866,244958,307618,-62660,92838,27742,65096,78524,125222,-46698,-2765
2023-01-03,441684,164231,187210,93724,27023,81355,123844,22619,24126,245586,311054,-65468,93724,27023,66701,81355,123844,-42489,-1507
2023-01-10,440272,166861,183531,87342,29566,79017,120860,22837,25318,245878,304391,-58513,87342,29566,57776,79017,120860,-41843,-2481
2023-01-17,437787,171716,161075,79511,41361,77339,126843,23274,25574,249055,287918,-38863,79511,41361,38150,77339,126843,-49504,-2300
2023-01-24,432219,177649,156790,73827,41720,72080,123309,23236,30602,249729,280099,-30370,73827,41720,32107,72080,123309,-51229,-7366
2023-01-31,441152,178755,156239,75994,45591,74443,131138,25206,26857,253198,287377,-34179,75994,45591,30403,74443,131138,-56695,-1651
2023-02-07,450392,192893,153038,73734,52132,70431,133694,23674,30732,263324,286732,-23408,73734,52132,21602,70431,133694,-63263,-7058
2023-02-14,446478,188120,154605,75432,52222,69410,129800,26250,29687,257530,284405,-26875,75432,52222,23210,69410,129800,-60390,-3437
2023-02-21,444548,183817,159467,71125,51012,69333,120878,32295,30879,253150,280345,-27195,71125,51012,20113,69333,120878,-51545,1416
2023-02-28,449490,185855,167411,73500,45983,74260,117667,27659,31498,260115,285078,-24963,73500,45983,27517,74260,117667,-43407,-3839
2023-03-07,450248,180974,164343,84384,48870,69813,120129,26838,34196,250787,284472,-33685,84384,48870,35514,69813,120129,-50316,-7358
2023-03-14,596233,180136,197287,117284,44512,65970,115256,25724,32184,246106,312543,-66437,117284,44512,72772,65970,115256,-49286,-6460
2023-03-21,491338,195699,191184,117773,72811,72407,113180,26023,35016,268106,304364,-36258,117773,72811,44962,72407,113180,-40773,-8993
2023-03-28,489766,180937,191023,113762,70695,82794,107785,27453,34696,263731,298808,-35077,113762,70695,43067,82794,107785,-24991,-7243
2023-04-04,502416,177006,194865,133651,61185,82328,120734,25284,36447,259334,315599,-56265,133651,61185,72466,82328,120734,-38406,-11163
2023-04-11,503257,172024,192567,126025,66930,91607,122904,26285,31672,263631,315471,-51840,126025,66930,59095,91607,122904,-31297,-5387
2023-04-18,514977,176419,196341,131439,69662,93935,123967,27093,33463,270354,320308,-49954,131439,69662,61777,93935,123967,-30032,-6370
2023-04-25,525442,176073,195398,134077,73928,102721,131553,29054,35753,278794,326951,-48157,134077,73928,60149,102721,131553,-28832,-6699
2023-05-02,552131,178875,200861,140740,72227,118564,142760,22529,40562,297439,343621,-46182,140740,72227,68513,118564,142760,-24196,-18033
2023-05-09,552439,180691,199627,142538,69824,118645,148128,23521,40517,299336,347755,-48419,142538,69824,72714,118645,148128,-29483,-16996
2023-05-16,560402,182198,201252,141120,71884,119374,141724,24714,46058,301572,342976,-41404,141120,71884,69236,119374,141724,-22350,-21344
2023-05-23,528812,188550,177134,119197,83269,99353,119135,26867,47789,287903,296269,-8366,119197,83269,35928,99353,119135,-19782,-20922
2023-05-30,536026,189637,180544,115252,85689,104425,121234,28934,44621,294062,301778,-7716,115252,85689,29563,104425,121234,-16809,-15687
2023-06-06,545445,200173,179115,95730,88140,99940,111041,25937,43875,300113,290156,9957,95730,88140,7590,99940,111041,-11101,-17938
2023-06-13,675081,209621,172627,87131,87370,99213,120950,27689,47770,308834,293577,15257,87131,87370,-239,99213,120950,-21737,-20081
2023-06-20,539927,216518,182962,96941,107044,100003,115625,32785,42095,316521,298587,17934,96941,107044,-10103,100003,115625,-15622,-9310
2023-06-27,529564,193534,187959,112239,103389,102316,112292,32561,40652,295850,300251,-4401,112239,103389,8850,102316,112292,-9976,-8091
2023-07-03,524004,198936,185431,109154,106369,104464,109439,25997,40684,303400,294870,8530,109154,106369,2785,104464,109439,-4975,-14687
2023-07-11,536130,206483,186677,115923,107428,105609,111598,21591,43881,312092,298275,13817,115923,107428,8495,105609,111598,-5989,-22290
2023-07-18,539969,218188,176048,108426,120315,100732,110473,22766,47680,318920,286521,32399,108426,120315,-11889,100732,110473,-9741,-24914
2023-07-25,537252,210696,174162,113954,117789,98276,107562,21866,50349,308972,281724,27248,113954,117789,-3835,98276,107562,-9286,-28483
2023-08-01,526439,207017,168279,114640,116401,93385,109832,21300,45706,300402,278111,22291,114640,116401,-1761,93385,109832,-16447,-24406
2023-08-08,524107,204245,167524,118989,116585,91175,109831,21325,43039,295420,277355,18065,118989,116585,2404,91175,109831,-18656,-21714
2023-08-15,536496,205330,166193,130478,116020,83120,120804,26858,46518,288450,286997,1453,130478,116020,14458,83120,120804,-37684,-19660
2023-08-22,526486,190324,163338,135314,113322,80568,129972,32852,37419,270892,293310,-22418,135314,113322,21992,80568,129972,-49404,-4567
2023-08-29,518246,188902,155949,134148,115785,75040,124425,32301,37913,263942,280374,-16432,134148,115785,18363,75040,124425,-49385,-5612
2023-09-05,520138,189439,160948,138554,113957,72992,113404,30541,44304,262431,274352,-11921,138554,113957,24597,72992,113404,-40412,-13763
2023-09-12,549428,178042,154150,131091,117343,76749,112061,31371,38506,254791,266211,-11420,131091,117343,13748,76749,112061,-35312,-7135
2023-09-19,451720,169689,150762,118265,84539,58922,99171,20003,35681,228611,249933,-21322,118265,84539,33726,58922,99171,-40249,-15678
2023-09-26,471784,166659,155826,120019,83327,71944,108846,22631,36011,238603,264672,-26069,120019,83327,36692,71944,108846,-36902,-13380
2023-10-03,494918,160601,180592,132954,75321,94727,116907,17983,34918,255328,297499,-42171,132954,75321,57633,94727,116907,-22180,-16935
2023-10-10,490679,158976,172321,130694,75834,96537,117250,17455,36843,255513,289571,-34058,130694,75834,54860,96537,117250,-20713,-19388
2023-10-17,496482,159961,167802,123923,73385,111445,128327,15259,36101,271406,296129,-24723,123923,73385,50538,111445,128327,-16882,-20842
2023-10-24,526402,169585,180770,127493,74259,125288,133706,14020,47904,294873,314476,-19603,127493,74259,53234,125288,133706,-8418,-33884
2023-10-31,561956,175428,196392,141436,92909,141433,132897,15147,50507,316861,329289,-12428,141436,92909,48527,141433,132897,8536,-35360
2023-11-07,558527,182535,186502,131529,94898,138976,137637,14487,48730,321511,324139,-2628,131529,94898,36631,138976,137637,1339,-34243
2023-11-14,571872,187118,167073,116031,107332,143206,142355,27035,53435,330324,309428,20896,116031,107332,8699,143206,142355,851,-26400
2023-11-21,553706,185511,169482,108452,109615,129857,124625,32406,56346,315368,294107,21261,108452,109615,-1163,129857,124625,5232,-23940
2023-11-28,566775,190892,167929,112963,109229,131483,133564,33073,60660,322375,301493,20882,112963,109229,3734,131483,133564,-2081,-27587
2023-12-05,580034,206034,170743,97017,119937,139712,156834,34892,34528,345746,327577,18169,97017,119937,-22920,139712,156834,-17122,364
2023-12-12,662621,205580,156837,96397,121436,137147,166988,24671,25717,342727,323825,18902,96397,121436,-25039,137147,166988,-29841,-1046
2023-12-19,526759,219027,144229,77650,117061,81243,144522,45722,23467,300270,288751,11519,77650,117061,-39411,81243,144522,-63279,22255
2023-12-26,528900,229229,142312,82248,129242,97873,146773,21894,21459,327102,289085,38017,82248,129242,-46994,97873,146773,-48900,435
2024-01-02,537913,244398,160966,83735,137386,96127,136314,23250,23643,340525,297280,43245,83735,137386,-53651,96127,136314,-40187,-393
2024-01-09,521705,220516,161369,84247,131083,92989,122686,33344,26859,313505,284055,29450,84247,131083,-46836,92989,122686,-29697,6485
2024-01-16,513411,206793,165193,85607,126345,110064,117418,20279,23059,316857,282611,34246,85607,126345,-40738,110064,117418,-7354,-2780
2024-01-23,522675,207434,160512,88654,127652,116559,126637,17110,26432,323993,287149,36844,88654,127652,-38998,116559,126637,-10078,-9322
2024-01-30,529573,209966,166558,92876,138054,104562,122275,23960,16390,314528,288833,25695,92876,138054,-45178,104562,122275,-17713,7570
2024-02-06,497139,189872,152631,93806,132436,91244,109944,22615,13959,281116,262575,18541,93806,132436,-38630,91244,109944,-18700,8656
2024-02-13,526151,201696,145869,97806,138612,85071,117277,37627,29018,286767,263146,23621,97806,138612,-40806,85071,117277,-32206,8609
2024-02-20,521111,208209,136775,93203,144744,77598,114817,42886,29900,285807,251592,34215,93203,144744,-51541,77598,114817,-37219,12986
2024-02-27,533506,209511,135596,107683,142479,90807,113135,21975,48542,300318,248731,51587,107683,142479,-34796,90807,113135,-22328,-26567
2024-03-05,535384,211028,140123,110659,142613,89730,115680,25086,48416,300758,255803,44955,110659,142613,-31954,89730,115680,-25950,-23330
2024-03-12,581605,219425,140138,108517,143270,89159,115301,25440,48080,308584,255439,53145,108517,143270,-34753,89159,115301,-26142,-22640
2024-03-19,484361,208853,137020,106740,114843,63201,112428,23131,45636,272054,249448,22606,106740,114843,-8103,63201,112428,-49227,-22505
2024-03-26,493498,207302,130182,107245,114395,69055,121470,21975,49370,276357,251652,24705,107245,114395,-7150,69055,121470,-52415,-27395
2024-04-02,489634,204883,139282,120777,102587,57460,118673,15344,48593,262343,257955,4388,120777,102587,18190,57460,118673,-61213,-33249
2024-04-09,486870,201584,135444,126252,104501,47958,116728,19060,48549,249542,252172,-2630,126252,104501,21751,47958,116728,-68770,-29489
2024-04-16,505042,190927,131292,143211,94923,51180,141672,17501,39679,242107,272964,-30857,143211,94923,48288,51180,141672,-90492,-22178
2024-04-23,497158,187612,132802,141296,88098,52364,144095,20732,42816,239976,276897,-36921,141296,88098,53198,52364,144095,-91731,-22084
2024-04-30,499600,175445,138712,146169,80077,61909,143268,13695,39832,237354,281980,-44626,146169,80077,66092,61909,143268,-81359,-26137
2024-05-07,484136,181370,130532,133331,76780,49747,147473,20827,36199,231117,278005,-46888,133331,76780,56551,49747,147473,-97726,-15372
2024-05-14,486453,177434,125754,126765,75690,53631,153494,26826,38188,231065,279248,-48183,126765,75690,51075,53631,153494,-99863,-11362
2024-05-21,478709,182112,129624,122937,75885,49220,154084,27964,31717,231332,283708,-52376,122937,75885,47052,49220,154084,-104864,-3753
2024-05-28,482603,184029,127765,120519,73405,50652,161692,29870,28909,234681,289457,-54776,120519,73405,47114,50652,161692,-111040,961
2024-06-04,484451,173082,136268,125870,71074,51242,155147,32189,29051,224324,291415,-67091,125870,71074,54796,51242,155147,-103905,3138
2024-06-11,482214,175700,134565,119777,66000,51307,146814,26895,32625,227007,281379,-54372,119777,66000,53777,51307,146814,-95507,-5730
2024-06-18,547103,175369,137715,115678,58234,36622,148779,35252,23787,211991,286494,-74503,115678,58234,57444,36622,148779,-112157,11465
2024-06-25,431471,171574,146427,112596,49386,43800,137739,25347,26576,215374,284166,-68792,112596,49386,63210,43800,137739,-93939,-1229
2024-07-02,461967,182121,153456,129719,54867,56324,145870,13488,36291,238445,299326,-60881,129719,54867,74852,56324,145870,-89546,-22803
2024-07-09,461144,174950,154472,128598,54777,61241,132140,9984,42797,236191,286612,-50421,128598,54777,73821,61241,132140,-70899,-32813
2024-07-16,520761,208047,143364,93484,98281,87161,122172,14565,50965,295208,265536,29672,93484,98281,-4797,87161,122172,-35011,-36400
2024-07-23,509003,226324,139350,84936,101726,63286,128318,24087,42029,289610,267668,21942,84936,101726,-16790,63286,128318,-65032,-17942
2024-07-30,497920,228773,132902,66882,115329,68674,129438,26154,29396,297447,262340,35107,66882,115329,-48447,68674,129438,-60764,-3242
2024-08-06,451196,187545,130181,77530,104745,69694,108236,17668,19313,257239,238417,18822,77530,104745,-27215,69694,108236,-38542,-1645
2024-08-13,442623,184366,128012,81025,100064,61090,113864,25563,19289,245456,241876,3580,81025,100064,-19039,61090,113864,-52774,6274
2024-08-20,438147,185193,130433,81482,96033,51032,116939,29361,17170,236225,247372,-11147,81482,96033,-14551,51032,116939,-65907,12191
2024-08-27,440004,191166,128126,69839,107637,54747,106409,27932,17636,245913,234535,11378,69839,107637,-37798,54747,106409,-51662,10296
2024-09-03,450619,201307,127231,68725,118904,56137,102377,25894,16675,257444,229608,27836,68725,118904,-50179,56137,102377,-46240,9219
2024-09-10,462431,195106,126959,69260,119296,61875,105484,34672,21478,256981,232443,24538,69260,119296,-50036,61875,105484,-43609,13194
2024-09-17,544545,211526,117642,63367,131693,61710,109201,29062,20132,273236,226843,46393,63367,131693,-68326,61710,109201,-47491,8930
2024-09-24,453153,228382,113936,49597,146158,55029,97214,29451,19900,283411,211150,72261,49597,146158,-96561,55029,97214,-42185,9551
2024-10-01,462953,234263,114994,54898,148089,50155,101747,33448,21436,284418,216741,67677,54898,148089,-93191,50155,101747,-51592,12012
2024-10-08,453683,223571,110912,53484,141047,70987,104428,15284,20535,294558,215340,79218,53484,141047,-87563,70987,104428,-33441,-5251
2024-10-15,468147,217902,112589,55620,152479,79978,100037,21473,22527,297880,212626,85254,55620,152479,-96859,79978,100037,-20059,-1054
2024-10-22,457574,219552,105855,57799,150549,67974,103215,20171,20903,287526,209070,78456,57799,150549,-92750,67974,103215,-35241,-732
2024-10-29,452479,213320,105490,63198,151141,58889,99039,22505,17608,272209,204529,67680,63198,151141,-87943,58889,99039,-40150,4897
2024-11-05,463714,226026,104107,61877,165783,56880,106161,25377,9083,282906,210268,72638,61877,165783,-103906,56880,106161,-49281,16294
2024-11-12,499573,251387,85725,50234,198398,60337,114032,24942,11080,311724,199757,111967,50234,198398,-148164,60337,114032,-53695,13862
2024-11-19,503464,249206,93844,57911,199139,50981,112103,33379,11548,300187,205947,94240,57911,199139,-141228,50981,112103,-61122,21831
2024-11-26,513835,249597,99097,64067,189880,55585,121115,27556,12457,305182,220212,84970,64067,189880,-125813,55585,121115,-65530,15099
2024-12-03,519176,262283,91538,63056,195870,50357,127757,26219,14309,312640,219295,93345,63056,195870,-132814,50357,127757,-77400,11910
2024-12-10,534743,272492,96316,62040,212598,53602,122313,30452,14486,326094,218629,107465,62040,212598,-150558,53602,122313,-68711,15966
2024-12-17,584648,264225,94061,65221,211712,60441,107110,14250,14731,324666,201171,123495,65221,211712,-146491,60441,107110,-46669,-481
2024-12-24,477056,238287,90460,70090,202820,45001,87338,23463,20137,283288,177798,105490,70090,202820,-132730,45001,87338,-42337,3326
2024-12-31,483685,244903,89652,67001,210258,46964,87827,26062,18870,291867,177479,114388,67001,210258,-143257,46964,87827,-40863,7192
2025-01-07,475871,224590,87143,72163,189579,59414,99338,20410,20443,284004,186481,97523,72163,189579,-117416,59414,99338,-39924,-33
2025-01-14,470796,208077,85585,78822,172320,58833,105258,20158,19910,266910,190843,76067,78822,172320,-93498,58833,105258,-46425,248
2025-01-21,447696,211548,88229,79237,164468,45400,99773,15945,18472,256948,188002,68946,79237,164468,-85231,45400,99773,-54373,-2527
2025-01-28,437392,212918,93043,81083,149257,40467,102552,12221,18026,253385,195595,57790,81083,149257,-68174,40467,102552,-62085,-5805
2025-02-04,433876,198859,98265,84435,145142,45801,93048,8302,16451,244660,191313,53347,84435,145142,-60707,45801,93048,-47247,-8149
2025-02-11,427630,201440,101897,86373,134586,38012,90820,7328,18300,239452,192717,46735,86373,134586,-48213,38012,90820,-52808,-10972
2025-02-18,429713,201955,100720,84173,138401,37891,91124,8058,16453,239846,191844,48002,84173,138401,-54228,37891,91124,-53233,-8395
2025-02-25,441234,183434,97987,90118,138382,54712,87832,4886,22372,238146,185819,52327,90118,138382,-48264,54712,87832,-33120,-17486
2025-03-04,473435,179306,107206,91128,139314,81205,95309,4685,23205,260511,202515,57996,91128,139314,-48186,81205,95309,-14104,-18520
2025-03-11,506202,172733,124649,92496,147123,100591,89658,6468,20480,273324,214307,59017,92496,147123,-54627,100591,89658,10933,-14012
2025-03-18,530107,168086,132533,90875,137414,105628,92489,2846,10030,273714,225022,48692,90875,137414,-46539,105628,92489,13139,-7184
2025-03-25,415629,170014,130364,74361,97718,64045,84650,6271,8361,234059,215014,19045,74361,97718,-23357,64045,84650,-20605,-2090
2025-04-01,430096,163363,128723,72340,96412,73917,90411,7972,11023,237280,219134,18146,72340,96412,-24072,73917,90411,-16494,-3051
2025-04-08,486118,161898,144605,90334,105118,93913,106302,22149,21521,255811,250907,4904,90334,105118,-14784,93913,106302,-12389,628
2025-04-15,486330,158642,142599,100687,108754,90581,102785,18176,14805,249223,245384,3839,100687,108754,-8067,90581,102785,-12204,3371
2025-04-22,491404,167091,143089,101954,123146,83544,110111,26407,14235,250635,253200,-2565,101954,123146,-21192,83544,110111,-26567,12172
2025-04-29,485174,162003,139259,103781,116483,81557,108205,33931,14538,243560,247464,-3904,103781,116483,-12702,81557,108205,-26648,19393
2025-05-06,472003,146775,128001,111787,105154,75936,116554,32618,13450,222711,244555,-21844,111787,105154,6633,75936,116554,-40618,19168
2025-05-13,465707,155919,130506,114014,106581,74312,109801,17114,12066,230231,240307,-10076,114014,106581,7433,74312,109801,-35489,5048
2025-05-20,452781,155926,125054,115867,110701,66641,100517,13335,11752,222567,225571,-3004,115867,110701,5166,66641,100517,-33876,1583
2025-05-27,452695,153209,126127,120151,108417,64287,100487,12332,12126,217496,226614,-9118,120151,108417,11734,64287,100487,-36200,206
2025-06-03,462862,153130,128150,126421,99955,70373,115604,9583,11567,223503,243754,-20251,126421,99955,26466,70373,115604,-45231,-1984
2025-06-10,466813,143479,125002,129830,99255,75990,119686,6722,12387,219469,244688,-25219,129830,99255,30575,75990,119686,-43696,-5665
2025-06-17,522700,143835,123368,136786,91686,81849,143272,8583,13478,225684,266640,-40956,136786,91686,45100,81849,143272,-61423,-4895
2025-06-24,404272,142049,120063,86428,53231,70586,137183,19626,13139,212635,257246,-44611,86428,53231,33197,70586,137183,-66597,6487
2025-07-01,402328,143199,118250,101165,52708,70690,145361,5324,9364,213889,263611,-49722,101165,52708,48457,70690,145361,-74671,-4040
2025-07-08,413063,148103,120525,104125,51807,72014,148790,5778,14125,220117,269315,-49198,104125,51807,52318,72014,148790,-76776,-8347
2025-07-15,408371,138658,123275,112736,45182,64701,143042,4506,15742,203359,266317,-62958,112736,45182,67554,64701,143042,-78341,-11236
2025-07-22,412842,139115,127181,120465,49245,64179,141537,5837,14809,203294,268718,-65424,120465,49245,71220,64179,141537,-77358,-8972
2025-07-29,422181,138991,123783,117863,45874,65067,155643,6304,9461,204058,279426,-75368,117863,45874,71989,65067,155643,-90576,-3157
2025-08-05,441606,141877,125417,147394,49356,63415,180193,5551,5843,205292,305610,-100318,147394,49356,98038,63415,180193,-116778,-292
2025-08-12,441343,143118,125218,141206,49733,64907,179745,5401,5180,208025,304963,-96938,141206,49733,91473,64907,179745,-114838,221
2025-08-19,433822,144563,135590,132184,54059,66711,159601,4714,4641,211274,295191,-83917,132184,54059,78125,66711,159601,-92890,73
2025-08-26,430309,146333,131671,115118,60101,71418,149217,3908,4348,217751,280888,-63137,115118,60101,55017,71418,149217,-77799,-440
2025-09-02,429548,153207,134763,110297,63034,71991,148372,3253,4430,225198,283135,-57937,110297,63034,47263,71991,148372,-76381,-1177
2025-09-09,445661,152185,131916,119432,63290,74143,160295,3016,4660,226328,292211,-65883,119432,63290,56142,74143,160295,-86152,-1644
2025-09-16,499359,151383,126523,110693,51937,71044,160489,3327,5829,222427,287012,-64585,110693,51937,58756,71044,160489,-89445,-2502
2025-09-23,390158,155549,129550,95958,55379,37464,112670,2502,6566,193013,242220,-49207,95958,55379,40579,37464,112670,-75206,-4064
2025-09-30,372789,147612,128428,94873,54908,35128,101938,3946,6058,182740,230366,-47626,94873,54908,39965,35128,101938,-66810,-2112
2025-10-07,405381,151714,154157,111055,52006,38436,102629,4502,6311,190150,256786,-66636,111055,52006,59049,38436,102629,-64193,-1809
2025-10-14,402124,151577,141439,110033,54662,33138,102146,3673,7119,184715,243585,-58870,110033,54662,55371,33138,102146,-69008,-3446
2025-10-21,402965,151032,139724,102668,54452,36454,98757,2466,6539,187486,238481,-50995,102668,54452,48216,36454,98757,-62303,-4073
2025-10-28,404885,154195,142150,100623,52069,40026,108820,2753,6959,194221,250970,-56749,100623,52069,48554,40026,108820,-68794,-4206
2025-11-04,415384,149650,141008,117359,50459,41446,120379,2928,7180,191096,261387,-70291,117359,50459,66900,41446,120379,-78933,-4252
2025-11-10,412463,149664,131997,110948,55475,41323,120971,2589,6683,190987,252968,-61981,110948,55475,55473,41323,120971,-79648,-4094
2025-11-18,415810,154819,132062,105068,45262,44647,134470,2436,7138,199466,266532,-67066,105068,45262,59806,44647,134470,-89823,-4702
2025-11-25,387018,152230,132178,83424,51789,49488,105783,1932,6367,201718,237961,-36243,83424,51789,31635,49488,105783,-56295,-4435
2025-12-02,398933,158659,132277,85575,59011,54010,107335,2021,10987,212669,239612,-26943,85575,59011,26564,54010,107335,-53325,-8966
2025-12-09,434295,161852,134491,84078,67364,61404,108137,2402,11277,223256,242628,-19372,84078,67364,16714,61404,108137,-46733,-8875
2025-12-16,522365,167805,132994,70561,77703,60159,101731,4710,10798,227964,234725,-6761,70561,77703,-7142,60159,101731,-41572,-6088
2025-12-23,402230,165333,125253,68739,98829,74257,95902,4989,10722,239590,221155,18435,68739,98829,-30090,74257,95902,-21645,-5733
2025-12-30,401426,163277,122944,75313,98028,66586,93665,3864,11224,229863,216609,13254,75313,98028,-22715,66586,93665,-27079,-7360
2026-01-06,408126,161499,124177,71659,100646,71002,85783,3267,10424,232501,209960,22541,71659,100646,-28987,71002,85783,-14781,-7157
2026-01-13,412953,155683,125841,66344,99298,74932,87013,12643,10167,230615,212854,17761,66344,99298,-32954,74932,87013,-12081,2476
2026-01-20,431866,154910,125145,66047,97788,91574,101035,11433,10761,246484,226180,20304,66047,97788,-31741,91574,101035,-9461,672
2026-01-27,435907,158781,127529,64863,96429,96875,113222,12192,9459,255656,240751,14905,64863,96429,-31566,96875,113222,-16347,2733
2026-02-03,427897,161109,116197,74147,99430,75936,113429,14542,11278,237045,229626,7419,74147,99430,-25283,75936,113429,-37493,3264
2026-02-10,427126,164510,114072,66702,104138,76901,106888,13317,10803,241411,220960,20451,66702,104138,-37436,76901,106888,-29987,2514
2026-02-17,410023,167922,111768,70689,106845,73350,100258,2856,10380,241272,212026,29246,70689,106845,-36156,73350,100258,-26908,-7524
2026-02-24,411611,170820,114698,80518,102955,71652,108570,3104,11711,242472,223268,19204,80518,102955,-22437,71652,108570,-36918,-8607
2026-03-03,419069,176192,116317,72560,97196,76449,113448,2863,7728,252641,229765,22876,72560,97196,-24636,76449,113448,-36999,-4865
2026-03-10,425956,160627,115956,84547,89573,83372,126917,2584,5769,243999,242873,1126,84547,89573,-5026,83372,126917,-43545,-3185
2026-03-17,504533,160399,116147,104490,91836,74901,128822,2033,6683,235300,244969,-9669,104490,91836,12654,74901,128822,-53921,-4650
2026-03-24,422903,149284,116857,98483,82794,85058,134753,4571,3825,234342,251610,-17268,98483,82794,15689,85058,134753,-49695,746
2026-03-31,414456,144728,129570,114519,88363,68065,107537,3034,7126,212793,237107,-24314,114519,88363,26156,68065,107537,-39472,-4092
2026-04-07,411725,137108,131047,117614,84276,71598,108364,3228,7499,208706,239411,-30705,117614,84276,33338,71598,108364,-36766,-4271
2026-04-14,417559,147225,129403,117369,81459,72389,123616,2145,6786,219614,253019,-33405,117369,81459,35910,72389,123616,-51227,-4641
2026-04-21,426652,143462,128687,118630,72927,82423,139453,2130,8954,225885,268140,-42255,118630,72927,45703,82423,139453,-57030,-6824
2026-04-28,426827,148867,129108,131980,80590,69589,135839,1703,8667,218456,264947,-46491,131980,80590,51390,69589,135839,-66250,-6964
2026-05-05,445456,140547,155516,128098,60958,83727,139972,11199,8780,224274,295488,-71214,128098,60958,67140,83727,139972,-56245,2419
2026-05-12,446909,145010,154555,132630,64454,79700,141903,10618,10045,224710,296458,-71748,132630,64454,68176,79700,141903,-62203,573
2026-05-19,439983,148922,151208,134206,68514,63409,131803,10402,10939,212331,283011,-70680,134206,68514,65692,63409,131803,-68394,-537
2026-05-26,443078,151819,158085,136379,65609,61643,131340,10351,10744,213462,289425,-75963,136379,65609,70770,61643,131340,-69697,-393
2026-06-02,429695,146852,157181,137110,50974,53616,128568,10462,14205,200468,285749,-85281,137110,50974,86136,53616,128568,-74952,-3743
2026-06-09,415360,142350,158837,126222,37736,53519,130283,10220,9359,195869,289120,-93251,126222,37736,88486,53519,130283,-76764,861
