date,mm_long,mm_net,mm_short,oi,other_long,other_net,other_short,pm_long,pm_net,pm_short,sd_long,sd_net,sd_short
2006-06-13 00:00:00,10294,9817,477,48861,3430,2794,636,9068,-19789,28857,3530,3530,0
2006-06-20 00:00:00,10274,9947,327,44353,3313,2607,706,7731,-20161,27892,2945,2945,0
2006-06-27 00:00:00,11626,11433,193,47601,4208,3021,1187,8193,-22771,30964,3059,3059,0
2006-07-03 00:00:00,12347,12240,107,48267,4395,3550,845,7724,-24429,32153,3064,3064,0
2006-07-11 00:00:00,9219,8835,384,44976,3987,3110,877,8706,-19874,28580,3066,3066,0
2006-07-18 00:00:00,7845,6560,1285,44145,2944,1796,1148,10236,-16058,26294,3116,3116,0
2006-07-25 00:00:00,7933,7511,422,47151,3290,2042,1248,10285,-18940,29225,3189,3189,0
2006-08-01 00:00:00,8991,8503,488,52927,3253,2047,1206,12290,-19839,32129,3164,3164,0
2006-08-08 00:00:00,9718,8927,791,52252,2677,1280,1397,13467,-17839,31306,3157,3157,0
2006-08-15 00:00:00,10172,9742,430,53705,2401,685,1716,14753,-17620,32373,3222,3222,0
2006-08-22 00:00:00,9415,9349,66,54494,2493,1562,931,17562,-18563,36125,3244,3244,0
2006-08-29 00:00:00,10347,10221,126,55120,2546,1580,966,17036,-18806,35842,3155,3155,0
2006-09-05 00:00:00,9530,9390,140,51707,2534,1706,828,16038,-17149,33187,2976,2976,0
2006-09-12 00:00:00,9162,8931,231,53905,2301,1238,1063,18476,-15434,33910,2968,2968,0
2006-09-19 00:00:00,7533,6963,570,52302,1809,498,1311,19966,-11986,31952,2889,2889,0
2006-09-26 00:00:00,6618,5925,693,52695,2043,893,1150,19656,-11293,30949,2820,2820,0
2006-10-03 00:00:00,6732,6232,500,54628,2259,1325,934,20324,-12602,32926,2784,2784,0
2006-10-10 00:00:00,5769,3987,1782,53805,2542,1817,725,21993,-8778,30771,2772,2370,402
2006-10-17 00:00:00,7298,7158,140,58777,2863,1436,1427,21401,-14195,35596,2692,2692,0
2006-10-24 00:00:00,7830,7830,0,48412,2766,1540,1226,18246,-15104,33350,2664,2664,0
2006-10-31 00:00:00,9075,9075,0,48942,2463,1188,1275,17596,-15740,33336,2607,2521,86
2006-11-07 00:00:00,9628,9520,108,49115,2483,853,1630,16874,-15441,32315,2432,2346,86
2006-11-14 00:00:00,8654,8580,74,49008,2214,711,1503,17509,-14062,31571,2424,2338,86
2006-11-21 00:00:00,9489,9488,1,49132,2025,448,1577,16881,-14294,31175,2440,2354,86
2006-11-28 00:00:00,9576,9576,0,49796,1732,-31,1763,16625,-13486,30111,2432,2346,86
2006-12-05 00:00:00,10546,10538,8,47941,1898,375,1523,15099,-14820,29919,2514,2428,86
2006-12-12 00:00:00,9357,9330,27,42974,2052,456,1596,10534,-13153,23687,2565,2431,134
2006-12-19 00:00:00,8842,8812,30,35498,1676,304,1372,8844,-11962,20806,2586,2452,134
2006-12-26 00:00:00,8397,8364,33,36170,2028,845,1183,9919,-11635,21554,2605,2471,134
2007-01-03 00:00:00,9715,9633,82,36561,2694,1609,1085,8881,-13909,22790,2438,2304,134
2007-01-09 00:00:00,9188,9017,171,37045,2499,1470,1029,10087,-12633,22720,2433,2299,134
2007-01-16 00:00:00,9963,9733,230,38836,2594,1319,1275,10082,-14115,24197,2567,2433,134
2007-01-23 00:00:00,13727,13340,387,43113,2793,1615,1178,9370,-18575,27945,2663,2529,134
2007-01-30 00:00:00,9770,9359,411,42538,3064,544,2520,12336,-12958,25294,2668,2534,134
2007-02-06 00:00:00,7458,6887,571,41408,2653,615,2038,12468,-10979,23447,2703,2569,134
2007-02-13 00:00:00,6907,6364,543,39633,2585,1024,1561,12028,-11159,23187,2731,2597,134
2007-02-20 00:00:00,7415,6965,450,35056,2708,1168,1540,10776,-11726,22502,2715,2581,134
2007-02-27 00:00:00,10757,10488,269,39302,2852,1085,1767,9416,-16416,25832,2627,2433,194
2007-03-06 00:00:00,12567,12263,304,43955,2772,1366,1406,10815,-17912,28727,2424,2230,194
2007-03-13 00:00:00,13388,12743,645,44045,2792,1222,1570,11114,-17216,28330,1873,1675,198
2007-03-20 00:00:00,13493,12956,537,44355,2846,1048,1798,11188,-17895,29083,1923,1725,198
2007-03-27 00:00:00,12122,11609,513,46447,3091,1237,1854,13348,-16210,29558,1946,1738,208
2007-04-03 00:00:00,9053,8400,653,45599,2787,1738,1049,14685,-13351,28036,1778,1600,178
2007-04-10 00:00:00,8063,7098,965,46372,3050,1827,1223,16512,-10572,27084,1687,1549,138
2007-04-17 00:00:00,5125,3678,1447,49513,2924,1615,1309,19444,-7169,26613,1789,1716,73
2007-04-24 00:00:00,4060,1993,2067,43166,2562,1389,1173,17757,-5872,23629,1815,1815,0
2007-05-01 00:00:00,3615,1073,2542,43214,2893,1557,1336,17006,-6066,23072,1959,1959,0
2007-05-08 00:00:00,3783,1351,2432,44770,2909,1114,1795,16965,-6255,23220,2153,2153,0
2007-05-15 00:00:00,4343,1972,2371,48144,3450,1647,1803,17083,-7967,25050,2237,2237,0
2007-05-22 00:00:00,4632,2463,2169,47646,3824,2350,1474,17087,-8199,25286,2242,2242,0
2007-05-29 00:00:00,4509,1953,2556,46826,2417,1308,1109,17998,-6467,24465,2222,2222,0
2007-06-05 00:00:00,3942,704,3238,48478,2074,1052,1022,18823,-4776,23599,2200,2200,0
2007-06-12 00:00:00,3669,-554,4223,50885,2048,876,1172,19979,-3014,22993,2024,2024,0
2007-06-19 00:00:00,3531,-1745,5276,48091,1685,579,1106,21525,-1992,23517,2305,2305,0
2007-06-26 00:00:00,3491,-2705,6196,48737,1482,73,1409,22415,-612,23027,2212,2212,0
2007-07-03 00:00:00,3611,-3532,7143,46512,1710,246,1464,20015,-824,20839,2623,2623,0
2007-07-10 00:00:00,3951,-3455,7406,46391,1407,52,1355,19526,-745,20271,2715,2715,0
2007-07-17 00:00:00,4044,-3127,7171,46438,1400,-28,1428,19102,-1272,20374,2711,2711,0
2007-07-24 00:00:00,3884,-3397,7281,49575,1608,297,1311,19491,-2521,22012,2741,2741,0
2007-07-31 00:00:00,3696,-2979,6675,49949,1539,685,854,18692,-3598,22290,2871,2871,0
2007-08-07 00:00:00,3759,-2786,6545,52810,1414,803,611,19505,-3965,23470,2920,2920,0
2007-08-14 00:00:00,3630,-3189,6819,54589,1616,771,845,19610,-3564,23174,2912,2912,0
2007-08-21 00:00:00,3242,-3417,6659,43637,1481,189,1292,16160,-1526,17686,2702,2702,0
2007-08-28 00:00:00,3258,-3865,7123,41895,1580,740,840,15584,-1368,16952,2699,2699,0
2007-09-04 00:00:00,3736,-5229,8965,41605,1693,617,1076,15678,1028,14650,2589,2568,21
2007-09-11 00:00:00,3582,-6587,10169,43834,1688,580,1108,16231,1508,14723,2659,2656,3
2007-09-18 00:00:00,3888,-5741,9629,43772,1988,1144,844,15676,-211,15887,2667,2664,3
2007-09-25 00:00:00,4521,-3193,7714,45180,2083,1138,945,15745,-3861,19606,2795,2795,0
2007-10-02 00:00:00,6087,-705,6792,44016,1969,1085,884,13448,-5925,19373,2856,2848,8
2007-10-09 00:00:00,8758,3170,5588,49006,2597,1695,902,13105,-10662,23767,3289,3289,0
2007-10-16 00:00:00,7966,4390,3576,53845,2963,1429,1534,14778,-12709,27487,3487,3487,0
2007-10-23 00:00:00,8761,7140,1621,42856,2241,1059,1182,11917,-13836,25753,3049,3049,0
2007-10-30 00:00:00,8449,7201,1248,39758,1724,895,829,11353,-13345,24698,2980,2980,0
2007-11-06 00:00:00,8165,6786,1379,39069,1539,476,1063,11248,-12561,23809,3109,3109,0
2007-11-13 00:00:00,7633,5941,1692,37685,1232,618,614,11319,-11011,22330,3047,3047,0
2007-11-20 00:00:00,7699,5450,2249,37217,1324,38,1286,11505,-9348,20853,3041,3041,0
2007-11-27 00:00:00,7840,5600,2240,37930,1166,-4,1170,11538,-10254,21792,2981,2981,0
2007-12-04 00:00:00,7677,5836,1841,39433,1102,-480,1582,11386,-10178,21564,3134,3134,0
2007-12-11 00:00:00,8551,7140,1411,41100,857,-1272,2129,11797,-11099,22896,3065,3065,0
2007-12-18 00:00:00,8972,7674,1298,41358,788,-1598,2386,11540,-11425,22965,3161,3161,0
2007-12-24 00:00:00,9309,8210,1099,37682,854,-1630,2484,11194,-11987,23181,3183,3183,0
2007-12-31 00:00:00,9217,8008,1209,34810,871,-439,1310,9211,-12306,21517,3169,3169,0
2008-01-08 00:00:00,8296,6853,1443,33205,1046,-682,1728,8567,-11106,19673,3554,3554,0
2008-01-15 00:00:00,8454,6365,2089,33171,1161,-360,1521,8631,-10402,19033,3630,3630,0
2008-01-22 00:00:00,8617,6438,2179,32176,1260,-1277,2537,8745,-8718,17463,3285,3285,0
2008-01-29 00:00:00,8470,6412,2058,32788,1241,-1170,2411,8314,-9581,17895,3614,3614,0
2008-02-05 00:00:00,7456,5200,2256,32571,1207,-1427,2634,9752,-7828,17580,3832,3832,0
2008-02-12 00:00:00,7066,3186,3880,34040,1617,-636,2253,11605,-5747,17352,3707,3707,0
2008-02-19 00:00:00,6360,1376,4984,31028,1751,-357,2108,11197,-5153,16350,3793,3793,0
2008-02-26 00:00:00,6487,1161,5326,32651,2277,-387,2664,11193,-5827,17020,4295,4295,0
2008-03-04 00:00:00,6125,1184,4941,36647,3423,-143,3566,10850,-8607,19457,5305,5305,0
2008-03-11 00:00:00,6405,1600,4805,36926,3038,-993,4031,11328,-7625,18953,5524,5524,0
2008-03-18 00:00:00,6062,937,5125,37001,2360,-1971,4331,13012,-4964,17976,4961,4961,0
2008-03-25 00:00:00,6107,30,6077,38155,2116,-2811,4927,14079,-3543,17622,4924,4924,0
2008-04-01 00:00:00,6943,-10,6953,41115,2235,-2571,4806,14259,-4426,18685,5380,5380,0
2008-04-08 00:00:00,7253,915,6338,42890,2031,-3035,5066,14214,-5336,19550,5664,5664,0
2008-04-15 00:00:00,7361,1076,6285,44133,2082,-2402,4484,14937,-6127,21064,5600,5600,0
2008-04-22 00:00:00,7487,741,6746,40297,2391,-2026,4417,13719,-6315,20034,5773,5773,0
2008-04-29 00:00:00,8117,3032,5085,40655,2057,-1697,3754,12951,-9490,22441,5940,5940,0
2008-05-06 00:00:00,7781,2884,4897,40568,2155,-1882,4037,13147,-8652,21799,5767,5767,0
2008-05-13 00:00:00,6999,1589,5410,40572,2178,-1517,3695,13526,-7373,20899,5795,5795,0
2008-05-20 00:00:00,6867,-321,7188,46984,2228,-1832,4060,17025,-4897,21922,5615,5615,0
2008-05-27 00:00:00,6610,-1629,8239,46469,2245,-1608,3853,17013,-4123,21136,5463,5463,0
2008-06-03 00:00:00,6567,-1258,7825,50595,2324,-2311,4635,17921,-4612,22533,5828,5828,0
2008-06-10 00:00:00,6136,-581,6717,50495,2267,143,2124,18052,-7955,26007,6115,6115,0
2008-06-17 00:00:00,5946,-341,6287,49167,2357,305,2052,17024,-8182,25206,6481,6481,0
2008-06-24 00:00:00,5685,-1144,6829,44848,2447,563,1884,14625,-8015,22640,6414,6414,0
2008-07-01 00:00:00,6447,821,5626,46829,2721,864,1857,13273,-12065,25338,7088,7088,0
2008-07-08 00:00:00,6031,3545,2486,46127,2329,884,1445,12709,-15238,27947,7514,7514,0
2008-07-15 00:00:00,6110,4387,1723,45909,2306,1246,1060,12639,-16015,28654,7436,7436,0
2008-07-22 00:00:00,6075,4377,1698,45623,2383,1501,882,12442,-16165,28607,7309,7309,0
2008-07-29 00:00:00,6144,2187,3957,45796,2287,1284,1003,13011,-12984,25995,7162,7162,0
2008-08-05 00:00:00,6506,-224,6730,48827,2499,1208,1291,14798,-9657,24455,6366,6366,0
2008-08-12 00:00:00,6219,-1459,7678,50798,2362,743,1619,15845,-8113,23958,6256,6256,0
2008-08-19 00:00:00,6040,-2004,8044,46586,2832,1281,1551,15136,-7881,23017,6200,6200,0
2008-08-26 00:00:00,5212,-2442,7654,46580,2693,1116,1577,15114,-8853,23967,6069,6069,0
2008-09-02 00:00:00,5531,-1791,7322,45405,2290,1061,1229,14884,-8476,23360,6433,6433,0
2008-09-09 00:00:00,5515,-1195,6710,45301,2335,1116,1219,14096,-7765,21861,6051,6051,0
2008-09-16 00:00:00,5634,-1485,7119,45362,2203,877,1326,14606,-6837,21443,5734,5734,0
2008-09-23 00:00:00,5270,-2031,7301,44256,2245,883,1362,14751,-5774,20525,4793,4793,0
2008-09-30 00:00:00,5193,-2145,7338,46305,2218,965,1253,14881,-5433,20314,4886,4886,0
2008-10-07 00:00:00,5894,-1817,7711,47447,1715,417,1298,15468,-4876,20344,4684,4684,0
2008-10-14 00:00:00,6314,-873,7187,47004,1722,520,1202,16119,-5338,21457,4443,4443,0
2008-10-21 00:00:00,5948,-499,6447,39866,1537,534,1003,13545,-6958,20503,5881,5881,0
2008-10-28 00:00:00,5701,-748,6449,38631,1474,498,976,13279,-6825,20104,6627,6627,0
2008-11-04 00:00:00,5407,-665,6072,38092,1564,674,890,13487,-6602,20089,6170,6170,0
2008-11-11 00:00:00,5401,-304,5705,37869,1456,609,847,13210,-6938,20148,6142,6142,0
2008-11-18 00:00:00,5520,-928,6448,38970,1510,534,976,13895,-5515,19410,6124,6124,0
2008-11-25 00:00:00,5513,-1400,6913,39734,1484,391,1093,14274,-5139,19413,6006,6006,0
2008-12-02 00:00:00,5371,-1685,7056,41576,1518,394,1124,15717,-4298,20015,5720,5720,0
2008-12-09 00:00:00,5243,-1986,7229,40019,1506,303,1203,15252,-3872,19124,5740,5740,0
2008-12-16 00:00:00,5387,-1909,7296,42071,1652,328,1324,15599,-4270,19869,5833,5833,0
2008-12-22 00:00:00,5424,-1294,6718,38962,1582,153,1429,14005,-4744,18749,5846,5846,0
2008-12-30 00:00:00,5037,-2283,7320,39127,1552,145,1407,14758,-3065,17823,5365,5365,0
2009-01-06 00:00:00,4909,-1865,6774,38290,1618,232,1386,14291,-3308,17599,4844,4844,0
2009-01-13 00:00:00,4964,-1686,6650,39059,2551,1339,1212,14094,-4873,18967,4917,4917,0
2009-01-20 00:00:00,4984,-2437,7421,39282,2612,1498,1114,14293,-4092,18385,4861,4861,0
2009-01-27 00:00:00,4801,-2164,6965,39881,2669,1519,1150,13920,-4992,18912,4902,4902,0
2009-02-03 00:00:00,4507,-3379,7886,40525,2657,1427,1230,14589,-3408,17997,4807,4807,0
2009-02-10 00:00:00,5050,-2932,7982,40315,2853,1526,1327,13840,-3835,17675,4506,4506,0
2009-02-17 00:00:00,4573,-4123,8696,38413,2867,1511,1356,13911,-2750,16661,4491,4491,0
2009-02-24 00:00:00,4916,-4536,9452,33154,2867,1745,1122,12262,-2072,14334,4480,4480,0
2009-03-03 00:00:00,5356,-4307,9663,32363,2831,1822,1009,10976,-2169,13145,4471,4303,168
2009-03-10 00:00:00,5206,-3175,8381,32459,2860,1843,1017,11200,-3891,15091,4465,4328,137
2009-03-17 00:00:00,5511,-2390,7901,33586,3320,2345,975,11371,-4479,15850,4387,4275,112
2009-03-24 00:00:00,5850,-1278,7128,34118,3425,2425,1000,11188,-6373,17561,4447,4294,153
2009-03-31 00:00:00,6102,204,5898,34133,3176,2140,1036,11049,-7465,18514,4349,4191,158
2009-04-07 00:00:00,6365,377,5988,35865,3246,2098,1148,11641,-7879,19520,4424,4274,150
2009-04-14 00:00:00,8048,5630,2418,38196,2664,1763,901,11325,-13276,24601,4474,4260,214
2009-04-21 00:00:00,7950,6219,1731,33810,2390,1397,993,9363,-14030,23393,4472,4325,147
2009-04-28 00:00:00,7321,5436,1885,33690,2271,1534,737,10062,-13199,23261,4474,4345,129
2009-05-05 00:00:00,7940,6167,1773,36634,2481,1717,764,10639,-14736,25375,4384,4159,225
2009-05-12 00:00:00,9204,7827,1377,42116,2630,1899,731,11814,-17076,28890,4429,4173,256
2009-05-19 00:00:00,9730,8326,1404,42646,2613,1853,760,11681,-17380,29061,4489,4295,194
2009-05-26 00:00:00,10230,8865,1365,43851,2442,1624,818,12002,-17906,29908,4537,4330,207
2009-06-02 00:00:00,11399,10007,1392,46681,2546,1747,799,12170,-19388,31558,4597,4413,184
2009-06-09 00:00:00,9838,7913,1925,44649,2291,1720,571,12966,-16547,29513,4721,4574,147
2009-06-16 00:00:00,7375,4043,3332,42498,2379,1833,546,14116,-11990,26106,4722,4591,131
2009-06-23 00:00:00,7336,651,6685,40135,3079,2527,552,13186,-9180,22366,4813,4682,131
2009-06-30 00:00:00,7911,-1159,9070,40053,3715,3279,436,12110,-8523,20633,5207,5046,161
2009-07-07 00:00:00,7153,257,6896,41905,3628,3054,574,12493,-10248,22741,5405,5184,221
2009-07-14 00:00:00,7948,4974,2974,44297,3624,3030,594,12163,-15034,27197,5463,5253,210
2009-07-21 00:00:00,10215,8496,1719,49970,3670,2843,827,12076,-19011,31087,5354,5144,210
2009-07-28 00:00:00,10647,9011,1636,47872,3793,2778,1015,11145,-19221,30366,5332,5122,210
2009-08-04 00:00:00,9850,8335,1515,45544,3765,2732,1033,11251,-17442,28693,4878,4668,210
2009-08-11 00:00:00,10769,8984,1785,53715,4260,3525,735,12990,-20273,33263,4860,4576,284
2009-08-18 00:00:00,11954,10615,1339,49306,3693,3114,579,11657,-20578,32235,4882,4664,218
2009-08-25 00:00:00,11658,10266,1392,43052,3682,3190,492,10692,-20202,30894,4908,4697,211
2009-09-01 00:00:00,10168,8564,1604,39763,3731,3219,512,9830,-18100,27930,4971,4804,167
2009-09-08 00:00:00,9632,7621,2011,38830,3626,3193,433,10003,-16691,26694,4988,4821,167
2009-09-15 00:00:00,9412,6137,3275,41053,3749,3220,529,10808,-15645,26453,5149,4962,187
2009-09-22 00:00:00,9880,8184,1696,43153,3303,2905,398,11525,-17348,28873,5239,4752,487
2009-09-29 00:00:00,9815,7793,2022,39817,2887,2684,203,10210,-16451,26661,5435,4669,766
2009-10-06 00:00:00,10357,8034,2323,41378,2870,2666,204,10448,-16109,26557,5366,4301,1065
2009-10-13 00:00:00,10194,8841,1353,50084,1661,1247,414,15161,-17184,32345,5293,4105,1188
2009-10-20 00:00:00,12133,11080,1053,38557,1772,1679,93,8265,-19736,28001,5313,3530,1783
2009-10-27 00:00:00,12455,11470,985,41152,1379,1187,192,8541,-19763,28304,5463,3680,1783
2009-11-03 00:00:00,12447,11452,995,38848,1326,688,638,8452,-18061,26513,5221,3438,1783
2009-11-09 00:00:00,12351,11555,796,39523,1288,669,619,8508,-18823,27331,5216,3433,1783
2009-11-17 00:00:00,12384,11463,921,39999,1634,1059,575,8474,-18440,26914,5205,3412,1793
2009-11-24 00:00:00,12403,11261,1142,39606,1314,737,577,8535,-17990,26525,5092,3316,1776
2009-12-01 00:00:00,10820,9924,896,43291,4007,3085,922,9185,-19830,29015,5175,3429,1746
2009-12-08 00:00:00,12225,11212,1013,46567,3870,3201,669,9637,-21074,30711,5203,3457,1746
2009-12-15 00:00:00,14083,13070,1013,51136,3830,3300,530,10772,-22431,33203,5210,3372,1838
2009-12-22 00:00:00,14614,13543,1071,45259,3551,3235,316,9328,-22972,32300,5189,3382,1807
2009-12-29 00:00:00,14930,14030,900,47203,3558,3095,463,10325,-23065,33390,5196,3310,1886
2010-01-05 00:00:00,13467,12726,741,48860,3904,3493,411,11395,-22741,34136,4893,3429,1464
2010-01-12 00:00:00,11517,10857,660,49147,4917,4584,333,12068,-20991,33059,4765,2480,2285
2010-01-19 00:00:00,10991,10280,711,46716,4931,4449,482,11252,-20159,31411,5497,3205,2292
2010-01-26 00:00:00,11108,10207,901,49985,4738,4196,542,12411,-20113,32524,4657,2357,2300
2010-02-02 00:00:00,11490,10654,836,49072,4377,3998,379,12115,-19918,32033,4377,2087,2290
2010-02-09 00:00:00,11544,10800,744,47982,4357,3795,562,11279,-19365,30644,4219,1945,2274
2010-02-16 00:00:00,11626,10861,765,47785,4324,3613,711,11218,-19252,30470,4195,1916,2279
2010-02-23 00:00:00,11913,11194,719,40955,4254,3570,684,9150,-19510,28660,4201,1922,2279
2010-03-02 00:00:00,14018,13422,596,44225,4448,3651,797,8659,-22523,31182,4297,2293,2004
2010-03-09 00:00:00,14746,14080,666,46193,4447,3820,627,9719,-23544,33263,4356,2358,1998
2010-03-16 00:00:00,15232,14546,686,48757,4532,3909,623,10151,-24017,34168,4427,2420,2007
2010-03-23 00:00:00,14437,13637,800,46525,4764,4280,484,10272,-22696,32968,4448,2374,2074
2010-03-30 00:00:00,11724,10946,778,42500,3890,3537,353,9592,-20050,29642,5713,3669,2044
2010-04-06 00:00:00,10331,9315,1016,41049,4588,4284,304,9617,-18439,28056,5580,3540,2040
2010-04-13 00:00:00,8635,6828,1807,43653,4620,4305,315,13538,-15768,29306,5793,3756,2037
2010-04-20 00:00:00,8760,7098,1662,40289,4558,4286,272,11620,-16569,28189,5829,3672,2157
2010-04-27 00:00:00,8963,7350,1613,39528,4447,4179,268,10624,-16545,27169,5783,3606,2177
2010-05-04 00:00:00,10247,8645,1602,37992,4411,4132,279,8143,-17882,26025,5836,3937,1899
2010-05-11 00:00:00,10171,8795,1376,37949,4322,3922,400,7526,-18324,25850,5582,3631,1951
2010-05-18 00:00:00,11754,10788,966,40618,4275,3909,366,7368,-20418,27786,5491,3508,1983
2010-05-25 00:00:00,11917,11013,904,40029,3970,3652,318,7423,-19942,27365,5374,3447,1927
2010-06-01 00:00:00,10675,9577,1098,40541,3694,3313,381,9036,-18326,27362,5364,3437,1927
2010-06-08 00:00:00,9560,8421,1139,40700,3700,3320,380,10246,-16688,26934,5202,3233,1969
2010-06-15 00:00:00,10533,9506,1027,41178,3837,3339,498,9192,-18145,27337,5243,3276,1967
2010-06-22 00:00:00,10836,9831,1005,38233,4060,3613,447,7912,-18811,26723,5131,3195,1936
2010-06-29 00:00:00,10595,9577,1018,37502,4113,3701,412,7773,-18378,26151,5139,3186,1953
2010-07-06 00:00:00,11958,11499,459,38593,4032,3508,524,7129,-20515,27644,4492,2859,1633
2010-07-13 00:00:00,9003,7996,1007,36161,4109,3713,396,7486,-16562,24048,4501,2861,1640
2010-07-20 00:00:00,8572,7592,980,35607,4072,3651,421,7692,-15752,23444,4464,2824,1640
2010-07-27 00:00:00,10278,9853,425,37370,3998,3435,563,7177,-18094,25271,4383,2730,1653
2010-08-03 00:00:00,11793,11400,393,40811,4098,3576,522,8318,-20129,28447,4471,2812,1659
2010-08-10 00:00:00,11517,10728,789,40866,4053,3488,565,9061,-19161,28222,4528,2898,1630
2010-08-17 00:00:00,9191,7964,1227,38922,3847,3272,575,9882,-15021,24903,4436,2814,1622
2010-08-24 00:00:00,8302,7131,1171,34331,3684,3349,335,8588,-13825,22413,4370,2747,1623
2010-08-31 00:00:00,7866,6460,1406,32911,3835,3459,376,7530,-13201,20731,4388,2760,1628
2010-09-07 00:00:00,8253,6551,1702,32879,3797,3433,364,7322,-13261,20583,4451,3125,1326
2010-09-14 00:00:00,9747,9349,398,35210,3645,3413,232,7202,-16395,23597,4189,2520,1669
2010-09-21 00:00:00,13297,12900,397,41864,3710,3367,343,8198,-20683,28881,3842,2056,1786
2010-09-28 00:00:00,15595,15383,212,44599,3621,3254,367,7748,-23577,31325,3910,2148,1762
2010-10-05 00:00:00,16628,16176,452,46508,3780,3415,365,8064,-24393,32457,3858,2107,1751
2010-10-12 00:00:00,15225,14796,429,43161,3973,3724,249,7188,-23413,30601,3827,2142,1685
2010-10-19 00:00:00,11057,10592,465,32893,3874,3685,189,6444,-18684,25128,3924,2255,1669
2010-10-26 00:00:00,10154,9799,355,32471,3717,3458,259,7185,-17368,24553,3655,1991,1664
2010-11-02 00:00:00,11164,10832,332,36081,3945,3624,321,7544,-19955,27499,4065,2681,1384
2010-11-09 00:00:00,11989,11816,173,37506,3861,3532,329,7646,-21123,28769,4161,2782,1379
2010-11-16 00:00:00,11522,11364,158,36817,3880,3550,330,7917,-19308,27225,4157,1919,2238
2010-11-23 00:00:00,11400,11242,158,37142,3808,3530,278,8055,-19709,27764,4180,1959,2221
2010-11-30 00:00:00,10639,10071,568,36684,3843,3536,307,8454,-18135,26589,4020,1826,2194
2010-12-07 00:00:00,12769,12769,0,40706,3852,3469,383,8899,-20844,29743,3745,1508,2237
2010-12-14 00:00:00,12042,11969,73,42018,3991,3733,258,9859,-20542,30401,3555,1359,2196
2010-12-21 00:00:00,10397,10233,164,37307,4002,3775,227,10027,-18764,28791,3454,1257,2197
2010-12-28 00:00:00,10817,10727,90,37049,3954,3632,322,9516,-18946,28462,3477,1235,2242
2011-01-04 00:00:00,11710,11562,148,40614,4102,3653,449,11207,-20297,31504,3871,1554,2317
2011-01-11 00:00:00,12120,11925,195,42476,4055,3514,541,11821,-20485,32306,3857,1488,2369
2011-01-18 00:00:00,12880,12706,174,42019,4079,3439,640,11105,-20724,31829,3888,1393,2495
2011-01-25 00:00:00,13211,13017,194,40265,4101,3294,807,9367,-20809,30176,3975,1389,2586
2011-02-01 00:00:00,12369,12073,296,39745,4027,3515,512,9371,-20147,29518,4038,1471,2567
2011-02-08 00:00:00,12811,12533,278,40597,3315,2852,463,10026,-20369,30395,4238,1700,2538
2011-02-15 00:00:00,11483,11244,239,37813,2152,1585,567,10078,-17237,27315,4287,1738,2549
2011-02-22 00:00:00,13686,13686,0,35267,1681,1187,494,8007,-19766,27773,4377,1756,2621
2011-03-01 00:00:00,14827,14827,0,35228,1278,700,578,7057,-20947,28004,4338,2148,2190
2011-03-08 00:00:00,15927,15927,0,34846,1259,552,707,5430,-21789,27219,4264,2074,2190
2011-03-15 00:00:00,14553,14392,161,33059,1257,365,892,5716,-19610,25326,4290,2111,2179
2011-03-22 00:00:00,9688,9195,493,30258,1337,776,561,7689,-14741,22430,4274,2095,2179
2011-03-29 00:00:00,9701,9256,445,30446,1158,876,282,7063,-14985,22048,4539,2410,2129
2011-04-05 00:00:00,10087,9732,355,31598,1277,1108,169,7079,-15818,22897,4589,2460,2129
2011-04-12 00:00:00,11512,11271,241,33018,1314,1086,228,6226,-17641,23867,4597,2466,2131
2011-04-19 00:00:00,12980,12754,226,33821,1450,1194,256,6462,-19427,25889,4589,2534,2055
2011-04-26 00:00:00,12642,12500,142,33568,1230,985,245,6374,-19007,25381,4580,2525,2055
2011-05-03 00:00:00,13907,13884,23,34414,1753,1445,308,5166,-21386,26552,4511,3104,1407
2011-05-10 00:00:00,14283,14268,15,35761,1396,996,400,5619,-21378,26997,4464,3052,1412
2011-05-17 00:00:00,17028,16965,63,41223,1300,704,596,6936,-23385,30321,4365,2420,1945
2011-05-24 00:00:00,18324,18231,93,42992,1563,943,620,6899,-24675,31574,4391,2426,1965
2011-05-31 00:00:00,19028,18935,93,44592,2115,1355,760,7187,-25765,32952,4379,2389,1990
2011-06-07 00:00:00,19858,19765,93,45590,2279,1489,790,6713,-26844,33557,4341,2338,2003
2011-06-14 00:00:00,19456,19261,195,46695,2024,1234,790,7673,-25982,33655,4354,2041,2313
2011-06-21 00:00:00,20235,20175,60,44271,1370,681,689,6619,-25982,32601,4351,1813,2538
2011-06-28 00:00:00,19989,19989,0,44442,1184,861,323,7572,-26218,33790,4415,1874,2541
2011-07-05 00:00:00,20223,20163,60,42370,1186,847,339,5752,-26742,32494,4182,2285,1897
2011-07-12 00:00:00,20067,20067,0,42755,1230,864,366,6014,-26563,32577,4121,2217,1904
2011-07-19 00:00:00,20472,20472,0,45144,1551,1211,340,7051,-27029,34080,4052,2121,1931
2011-07-26 00:00:00,20827,20827,0,46311,1609,1235,374,7289,-27569,34858,4062,2131,1931
2011-08-02 00:00:00,21653,21653,0,47430,1455,1091,364,7189,-28607,35796,4180,2249,1931
2011-08-09 00:00:00,14355,13801,554,39906,1014,691,323,8779,-19991,28770,4241,3289,952
2011-08-16 00:00:00,9861,9049,812,36985,1182,921,261,9791,-15503,25294,3889,3012,877
2011-08-23 00:00:00,9620,8808,812,33365,1274,1067,207,8710,-15180,23890,3910,3033,877
2011-08-30 00:00:00,8967,7948,1019,32260,889,746,143,9054,-13872,22926,4019,3142,877
2011-09-06 00:00:00,9150,8362,788,31811,909,783,126,8220,-15246,23466,4216,3839,377
2011-09-13 00:00:00,9872,9407,465,33091,927,797,130,8404,-16333,24737,4204,3809,395
2011-09-20 00:00:00,10011,9574,437,33046,821,637,184,8219,-16637,24856,4195,3795,400
2011-09-27 00:00:00,8696,7291,1405,32847,654,496,158,10063,-12487,22550,3767,3357,410
2011-10-04 00:00:00,8001,6530,1471,33841,664,401,263,11542,-11235,22777,3563,3153,410
2011-10-11 00:00:00,8187,7004,1183,34292,341,182,159,11835,-11888,23723,3604,3194,410
2011-10-18 00:00:00,9041,8548,493,35781,397,106,291,11630,-13801,25431,3617,3195,422
2011-10-25 00:00:00,10869,10762,107,33870,481,229,252,9599,-16375,25974,3427,2995,432
2011-11-01 00:00:00,12526,12333,193,34801,436,33,403,8764,-17669,26433,3237,2852,385
2011-11-08 00:00:00,12903,12596,307,35260,509,255,254,8899,-17995,26894,3146,2754,392
2011-11-15 00:00:00,12260,11780,480,34502,526,135,391,8667,-17079,25746,3130,2738,392
2011-11-22 00:00:00,13616,13029,587,37700,617,506,111,9007,-18974,27981,3174,2772,402
2011-11-29 00:00:00,14080,13471,609,37830,571,383,188,8742,-19163,27905,3113,2711,402
2011-12-06 00:00:00,14449,13827,622,39099,417,270,147,9682,-19218,28900,3033,2471,562
2011-12-13 00:00:00,12218,10882,1336,35863,283,-164,447,10213,-15179,25392,3041,2474,567
2011-12-20 00:00:00,11189,10036,1153,30324,204,-26,230,9162,-14500,23662,2993,2471,522
2011-12-27 00:00:00,11368,10198,1170,30478,164,-44,208,9143,-14719,23862,2980,2458,522
2012-01-03 00:00:00,12294,11320,974,32677,364,122,242,9844,-15708,25552,2977,2405,572
2012-01-10 00:00:00,13886,12462,1424,40537,808,370,438,12294,-17248,29542,2939,2279,660
2012-01-17 00:00:00,12003,10947,1056,36167,367,-39,406,10796,-15295,26091,2861,2251,610
2012-01-24 00:00:00,12649,12311,338,38154,588,174,414,10524,-16314,26838,2870,2218,652
2012-01-31 00:00:00,12732,12459,273,38250,538,59,479,10159,-16826,26985,2833,2148,685
2012-02-07 00:00:00,12266,11828,438,36558,1017,546,471,9012,-16484,25496,2679,2021,658
2012-02-14 00:00:00,10249,9912,337,34028,1627,1369,258,7907,-15696,23603,2739,2129,610
2012-02-21 00:00:00,8913,8489,424,27316,2359,2204,155,4564,-15120,19684,2739,2117,622
2012-02-28 00:00:00,8294,7857,437,26652,3049,2857,192,4805,-15420,20225,2818,2260,558
2012-03-06 00:00:00,9010,8570,440,28649,3251,2985,266,5397,-16200,21597,2940,2362,578
2012-03-13 00:00:00,9235,8758,477,28493,3114,2813,301,5573,-15952,21525,2919,2343,576
2012-03-20 00:00:00,8962,8764,198,27476,3130,2778,352,5264,-15811,21075,2921,2368,553
2012-03-27 00:00:00,7323,6791,532,25418,3077,2777,300,5008,-14078,19086,2927,2518,409
2012-04-03 00:00:00,6643,5879,764,25031,3180,2898,282,5024,-12983,18007,2905,2472,433
2012-04-10 00:00:00,6022,4505,1517,25254,3226,2879,347,5917,-10844,16761,2838,2425,413
2012-04-17 00:00:00,5185,3238,1947,26912,3941,3522,419,7000,-10059,17059,2912,2494,418
2012-04-24 00:00:00,5252,3110,2142,25993,3901,3502,399,6940,-9618,16558,2874,2453,421
2012-05-01 00:00:00,5248,2825,2423,25967,3994,3665,329,6425,-9399,15824,2737,2638,99
2012-05-08 00:00:00,4960,1018,3942,29292,4160,3601,559,8576,-7519,16095,2952,2852,100
2012-05-15 00:00:00,4393,-160,4553,30128,4251,3782,469,9569,-6504,16073,3037,2938,99
2012-05-22 00:00:00,4278,-1100,5378,31613,4424,3822,602,10446,-5470,15916,3025,2926,99
2012-05-29 00:00:00,3881,-1511,5392,33141,4503,3935,568,11906,-5088,16994,2955,2856,99
2012-06-05 00:00:00,3756,-1959,5715,35615,4338,3765,573,14320,-4231,18551,3103,2664,439
2012-06-12 00:00:00,3790,-2020,5810,35907,4452,3899,553,14644,-4103,18747,3049,2620,429
2012-06-19 00:00:00,3883,-1869,5752,32432,4292,3694,598,12873,-4360,17233,2896,2485,411
2012-06-26 00:00:00,4131,-1716,5847,29094,4414,4072,342,9438,-4937,14375,2948,2538,410
2012-07-03 00:00:00,3960,-1925,5885,28755,4314,3962,352,8716,-5631,14347,3260,3170,90
2012-07-10 00:00:00,4352,-1053,5405,29151,4405,4234,171,8100,-6984,15084,3214,3124,90
2012-07-17 00:00:00,4418,-1369,5787,29596,4370,4186,184,8221,-6440,14661,3230,3140,90
2012-07-24 00:00:00,4094,-3027,7121,29450,4416,4226,190,8808,-4187,12995,3160,3070,90
2012-07-31 00:00:00,4122,-3291,7413,30549,4626,4422,204,9250,-3800,13050,3041,2951,90
2012-08-07 00:00:00,4030,-3176,7206,31108,4702,4591,111,9995,-4016,14011,3088,2998,90
2012-08-14 00:00:00,4105,-2775,6880,31252,4868,4691,177,9569,-4651,14220,3196,3115,81
2012-08-21 00:00:00,4370,-1775,6145,30083,4954,4733,221,8885,-6487,15372,3262,3262,0
2012-08-28 00:00:00,4682,-511,5193,29842,4735,4425,310,8635,-7634,16269,3226,3226,0
2012-09-04 00:00:00,4688,-487,5175,30322,4625,4055,570,8723,-7822,16545,3555,3555,0
2012-09-11 00:00:00,5374,950,4424,31092,4481,4138,343,8337,-9774,18111,3452,3452,0
2012-09-18 00:00:00,5370,2000,3370,31243,4307,4056,251,8183,-11249,19432,3478,3478,0
2012-09-25 00:00:00,4924,2096,2828,30326,4306,4107,199,8006,-10910,18916,3414,3414,0
2012-10-02 00:00:00,4273,1268,3005,31487,4300,3991,309,9260,-9807,19067,3090,3090,0
2012-10-09 00:00:00,4007,1026,2981,31570,4376,4131,245,9736,-9056,18792,3281,3281,0
2012-10-16 00:00:00,3403,224,3179,31839,4467,4421,46,10322,-8805,19127,3294,3294,0
2012-10-23 00:00:00,3741,488,3253,27665,4510,4376,134,8462,-9393,17855,3301,3301,0
2012-10-30 00:00:00,3828,-649,4477,27560,4574,4305,269,8470,-7681,16151,3430,3430,0
2012-11-06 00:00:00,3397,-1798,5195,27815,4728,4525,203,8667,-6800,15467,3404,3404,0
2012-11-13 00:00:00,3414,-1730,5144,27997,4827,4532,295,8678,-6735,15413,3380,3380,0
2012-11-20 00:00:00,3994,547,3447,29505,4482,4381,101,8640,-9236,17876,3386,3386,0
2012-11-27 00:00:00,5042,3050,1992,29787,4304,4136,168,7104,-11975,19079,3386,3386,0
2012-12-04 00:00:00,5126,3195,1931,30252,4269,4021,248,7737,-11972,19709,3224,3224,0
2012-12-11 00:00:00,5380,3570,1810,33718,4450,4222,228,8990,-12767,21757,3089,3089,0
2012-12-18 00:00:00,7481,5934,1547,38984,4372,4213,159,9336,-16007,25343,3065,3065,0
2012-12-24 00:00:00,7524,6093,1431,33656,4079,3900,179,7554,-15884,23438,3051,3051,0
2012-12-31 00:00:00,7028,5524,1504,29652,3417,3041,376,6941,-13655,20596,2998,2941,57
2013-01-08 00:00:00,4031,2237,1794,27278,2685,2356,329,7597,-9710,17307,2976,2920,56
2013-01-15 00:00:00,2826,517,2309,27971,2090,1969,121,9123,-7694,16817,3200,3133,67
2013-01-22 00:00:00,2726,-35,2761,26311,1716,1633,83,9241,-6963,16204,3267,3198,69
2013-01-29 00:00:00,2814,-612,3426,25812,1850,1385,465,9174,-5809,14983,3289,3190,99
2013-02-05 00:00:00,3664,-82,3746,27062,1650,1074,576,8822,-6317,15139,3429,2922,507
2013-02-12 00:00:00,4012,1473,2539,27830,1605,981,624,8531,-7394,15925,3368,2862,506
2013-02-19 00:00:00,5361,3115,2246,25086,1417,685,732,7117,-8937,16054,3358,2850,508
2013-02-26 00:00:00,5461,3288,2173,24747,1618,829,789,6760,-8826,15586,3157,2502,655
2013-03-05 00:00:00,4534,2109,2425,23104,1499,372,1127,6648,-7013,13661,2953,2603,350
2013-03-12 00:00:00,5193,3415,1778,25495,1435,221,1214,6920,-8414,15334,2802,2450,352
2013-03-19 00:00:00,5894,4161,1733,25675,1466,221,1245,6824,-9239,16063,2805,2449,356
2013-03-26 00:00:00,6631,5166,1465,25543,1475,125,1350,5833,-10056,15889,2759,2403,356
2013-04-02 00:00:00,6468,4762,1706,25702,1497,-38,1535,5461,-10311,15772,2774,2774,0
2013-04-09 00:00:00,7487,6335,1152,28817,1333,163,1170,5503,-12738,18241,3241,3168,73
2013-04-16 00:00:00,7679,7209,470,29504,1473,474,999,6524,-14109,20633,3251,3178,73
2013-04-23 00:00:00,7611,6985,626,24669,1493,411,1082,5426,-13436,18862,3234,3234,0
2013-04-30 00:00:00,7747,7122,625,25179,1931,983,948,4929,-13374,18303,2438,2438,0
2013-05-07 00:00:00,7424,6906,518,24387,1689,953,736,5859,-13180,19039,2450,2450,0
2013-05-14 00:00:00,7591,7393,198,24823,1657,1346,311,4576,-14383,18959,2444,2444,0
2013-05-21 00:00:00,7438,7140,298,25745,2276,1875,401,5479,-14580,20059,2407,2407,0
2013-05-28 00:00:00,7696,7514,182,26395,2898,2732,166,4878,-15962,20840,2405,2405,0
2013-06-04 00:00:00,8905,8790,115,28344,3108,2913,195,4617,-17439,22056,2513,2513,0
2013-06-11 00:00:00,9009,8819,190,29861,3112,2815,297,5225,-17514,22739,2543,2543,0
2013-06-18 00:00:00,8225,8002,223,29004,3303,3187,116,5584,-16830,22414,2739,2739,0
2013-06-25 00:00:00,5805,5318,487,25921,2769,2557,212,6830,-12535,19365,2669,2669,0
2013-07-02 00:00:00,3478,2465,1013,25238,2378,2299,79,8524,-9074,17598,2573,2573,0
2013-07-09 00:00:00,3632,2671,961,25885,2509,2490,19,8607,-9686,18293,2640,2640,0
2013-07-16 00:00:00,4475,3836,639,26204,1627,1592,35,8092,-10273,18365,2636,2636,0
2013-07-23 00:00:00,5458,4899,559,27479,1682,1417,265,8490,-11375,19865,2632,2632,0
2013-07-30 00:00:00,6065,5499,566,28036,1808,1392,416,7650,-12077,19727,2598,2598,0
2013-08-06 00:00:00,5672,5111,561,27260,1785,1498,287,7852,-11322,19174,2400,2400,0
2013-08-13 00:00:00,4451,3397,1054,27147,1603,973,630,9246,-8609,17855,2335,2335,0
2013-08-20 00:00:00,4100,2984,1116,24748,1440,964,476,9090,-8070,17160,2214,2214,0
2013-08-27 00:00:00,4369,3340,1029,23890,1676,1229,447,8213,-8521,16734,2147,2147,0
2013-09-03 00:00:00,4137,3012,1125,23729,1724,856,868,7751,-7884,15635,2238,2238,0
2013-09-10 00:00:00,4381,3217,1164,23662,1742,914,828,7294,-8338,15632,2284,2284,0
2013-09-17 00:00:00,3899,2864,1035,23463,1651,561,1090,7559,-6938,14497,2298,2298,0
2013-09-24 00:00:00,2827,1072,1755,22937,1155,253,902,8350,-5115,13465,2421,2421,0
2013-10-01 00:00:00,2303,729,1574,22521,849,216,633,8395,-4741,13136,2455,2455,0
2013-10-08 00:00:00,2322,662,1660,22176,731,179,552,8136,-4489,12625,2488,2488,0
2013-10-15 00:00:00,1907,-222,2129,22797,874,226,648,9225,-3216,12441,2398,2398,0
2013-10-22 00:00:00,1262,-2006,3268,21779,751,156,595,9937,-980,10917,2414,2414,0
2013-10-29 00:00:00,1134,-2471,3605,22013,684,29,655,10161,-497,10658,2488,2488,0
2013-11-05 00:00:00,1556,-2144,3700,21513,668,205,463,9514,-1032,10546,2534,2534,0
2013-11-12 00:00:00,1943,46,1897,21006,612,64,548,8391,-3546,11937,2430,2430,0
2013-11-19 00:00:00,2027,964,1063,20499,458,3,455,8080,-4220,12300,2336,2336,0
2013-11-26 00:00:00,2322,1962,360,20726,452,-81,533,8058,-5112,13170,2321,2318,3
2013-12-03 00:00:00,2407,2157,250,21082,413,-223,636,8417,-5099,13516,2100,2100,0
2013-12-10 00:00:00,2499,2388,111,21720,645,-199,844,8067,-5984,14051,2013,2006,7
2013-12-17 00:00:00,2790,2652,138,22398,919,166,753,8345,-6982,15327,1944,1942,2
2013-12-24 00:00:00,2527,2109,418,19625,820,161,659,7860,-6065,13925,1925,1925,0
2013-12-31 00:00:00,2417,2092,325,18892,631,26,605,7661,-6102,13763,1938,1938,0
2014-01-07 00:00:00,2509,2179,330,19809,647,-110,757,7806,-6263,14069,1976,1976,0
2014-01-14 00:00:00,3689,3454,235,21698,912,-131,1043,7503,-7906,15409,1919,1902,17
2014-01-21 00:00:00,4089,3793,296,21744,1138,-145,1283,7601,-7665,15266,1939,1939,0
2014-01-28 00:00:00,3504,3216,288,21257,1428,166,1262,7679,-7383,15062,1906,1906,0
2014-02-04 00:00:00,3054,2785,269,21163,1602,402,1200,7594,-7111,14705,1884,1884,0
2014-02-11 00:00:00,3417,3220,197,21428,1437,243,1194,7257,-7675,14932,1942,1927,15
2014-02-18 00:00:00,3658,3571,87,21542,1416,291,1125,7212,-7558,14770,1891,1884,7
2014-02-25 00:00:00,3447,3382,65,18782,1326,141,1185,6495,-7256,13751,1920,1915,5
2014-03-04 00:00:00,3827,3820,7,19491,1767,472,1295,5790,-8841,14631,1936,1902,34
2014-03-11 00:00:00,5526,5522,4,21536,1869,483,1386,5446,-10892,16338,1976,1936,40
2014-03-18 00:00:00,5518,5243,275,21481,1985,574,1411,5693,-10403,16096,1876,1851,25
2014-03-25 00:00:00,5014,4663,351,21139,2042,625,1417,5838,-9390,15228,1880,1863,17
2014-04-01 00:00:00,4545,4262,283,21076,2168,798,1370,5579,-9492,15071,1957,1934,23
2014-04-08 00:00:00,4614,4600,14,22197,2191,805,1386,5968,-10051,16019,1960,1936,24
2014-04-15 00:00:00,6988,6928,60,24752,2183,393,1790,4757,-12706,17463,1975,1904,71
2014-04-22 00:00:00,6967,6837,130,22090,2447,788,1659,4017,-12853,16870,1985,1985,0
2014-04-29 00:00:00,7359,7102,257,23783,2459,2069,390,5331,-14161,19492,1974,1968,6
2014-05-06 00:00:00,6944,6426,518,24131,2480,2205,275,5909,-13488,19397,1927,1807,120
2014-05-13 00:00:00,6866,6398,468,24591,2553,2213,340,6567,-13247,19814,1892,1776,116
2014-05-20 00:00:00,6253,5504,749,22904,2417,2033,384,6552,-11500,18052,1816,1697,119
2014-05-27 00:00:00,5810,5110,700,22422,2419,2061,358,6225,-11131,17356,1783,1663,120
2014-06-03 00:00:00,6067,5390,677,22864,2644,2342,302,6031,-11572,17603,1771,1638,133
2014-06-10 00:00:00,6456,5804,652,23583,2764,2323,441,5823,-12070,17893,1740,1538,202
2014-06-17 00:00:00,6382,5987,395,23139,2802,2426,376,5540,-11898,17438,1717,1588,129
2014-06-24 00:00:00,5016,4493,523,19842,2355,2105,250,5553,-9833,15386,1772,1651,121
2014-07-01 00:00:00,2039,1313,726,18574,2373,2001,372,7065,-6645,13710,1891,1762,129
2014-07-08 00:00:00,1428,565,863,18184,2276,2104,172,6926,-6316,13242,1889,1762,127
2014-07-15 00:00:00,1099,176,923,17928,2211,2047,164,7031,-5834,12865,1979,1854,125
2014-07-22 00:00:00,1244,395,849,17707,2182,2035,147,6640,-6026,12666,1974,1853,121
2014-07-29 00:00:00,1059,40,1019,17997,2010,1699,311,7247,-4894,12141,2085,1966,119
2014-08-05 00:00:00,767,-1344,2111,18650,1920,1811,109,8258,-3212,11470,2044,1932,112
2014-08-12 00:00:00,653,-1484,2137,18206,1818,1666,152,8045,-2879,10924,2073,1967,106
2014-08-19 00:00:00,539,-1145,1684,17084,1752,1592,160,8342,-2928,11270,1901,1797,104
2014-08-26 00:00:00,569,-1060,1629,16147,1956,1864,92,7255,-3265,10520,1892,1781,111
2014-09-02 00:00:00,646,-730,1376,16041,2112,2012,100,6989,-3905,10894,1883,1883,0
2014-09-09 00:00:00,627,-604,1231,15963,2282,2184,98,6824,-4091,10915,1781,1781,0
2014-09-16 00:00:00,561,-968,1529,16769,2339,2130,209,7639,-3241,10880,1802,1802,0
2014-09-23 00:00:00,504,-1366,1870,16644,2289,2112,177,7575,-3008,10583,1780,1780,0
2014-09-30 00:00:00,492,-1661,2153,16436,2397,2216,181,7149,-2818,9967,1768,1768,0
2014-10-07 00:00:00,553,-1712,2265,16562,2370,2043,327,7103,-2649,9752,1736,1736,0
2014-10-14 00:00:00,708,-2243,2951,18696,2172,1695,477,9016,-1033,10049,1777,1777,0
2014-10-21 00:00:00,442,-2838,3280,17289,2050,1490,560,8948,-350,9298,1756,1756,0
2014-10-28 00:00:00,686,-2858,3544,17355,2090,1628,462,8517,-1119,9636,1754,1754,0
2014-11-04 00:00:00,763,-3169,3932,17300,2034,1489,545,8357,-187,8544,1778,1683,95
2014-11-11 00:00:00,758,-4477,5235,18512,2151,1273,878,9059,1207,7852,1844,1743,101
2014-11-18 00:00:00,689,-4399,5088,18410,2259,1509,750,8778,797,7981,1844,1751,93
2014-11-25 00:00:00,939,-1475,2414,16799,2363,1769,594,6918,-2637,9555,1636,1547,89
2014-12-02 00:00:00,1090,-487,1577,16428,2280,1893,387,6599,-3561,10160,1559,1559,0
2014-12-09 00:00:00,1118,-459,1577,16480,2329,2061,268,6757,-3497,10254,1515,1515,0
2014-12-16 00:00:00,958,-121,1079,16109,2159,1930,229,6603,-3808,10411,1441,1441,0
2014-12-23 00:00:00,741,-555,1296,14434,2074,1892,182,6727,-2750,9477,1430,1430,0
2014-12-30 00:00:00,711,-667,1378,14199,1881,1736,145,6719,-2516,9235,1409,1409,0
2015-01-06 00:00:00,624,-762,1386,14022,1810,1613,197,6186,-2818,9004,1398,1398,0
2015-01-13 00:00:00,507,-892,1399,14217,1569,1355,214,6587,-2385,8972,1397,1397,0
2015-01-20 00:00:00,817,-474,1291,14163,1677,1460,217,6124,-3265,9389,1416,1416,0
2015-01-27 00:00:00,1076,-84,1160,14524,1411,1122,289,6401,-3005,9406,1423,1423,0
2015-02-03 00:00:00,1058,-508,1566,14932,1295,775,520,7069,-1487,8556,1451,1451,0
2015-02-10 00:00:00,1225,-535,1760,15720,1203,717,486,7431,-1513,8944,1478,1478,0
2015-02-17 00:00:00,1054,-790,1844,15967,1110,643,467,7607,-1527,9134,1677,1677,0
2015-02-24 00:00:00,1153,-2921,4074,16178,863,322,541,8806,1131,7675,1718,1718,0
2015-03-03 00:00:00,1155,-3518,4673,16204,1023,-308,1331,8524,2342,6182,1713,1713,0
2015-03-10 00:00:00,943,-4475,5418,17623,1101,-622,1723,9996,3525,6471,1871,1871,0
2015-03-17 00:00:00,878,-4809,5687,18614,1215,-687,1902,10750,4143,6607,1872,1872,0
2015-03-24 00:00:00,971,-4351,5322,19749,1009,-710,1719,11567,3295,8272,1930,1930,0
2015-03-31 00:00:00,1249,-2977,4226,18935,866,-469,1335,10166,1575,8591,1882,1882,0
2015-04-07 00:00:00,1222,-3186,4408,19518,872,-286,1158,10767,1848,8919,1933,1933,0
2015-04-14 00:00:00,1041,-3622,4663,19993,1001,-164,1165,11210,2225,8985,1948,1948,0
2015-04-21 00:00:00,774,-3882,4656,17627,917,-183,1100,10349,2277,8072,1947,1947,0
2015-04-28 00:00:00,781,-3652,4433,16528,711,-330,1041,9572,1796,7776,1958,1958,0
2015-05-05 00:00:00,894,-3528,4422,15952,721,-323,1044,8940,1919,7021,1971,1877,94
2015-05-12 00:00:00,932,-4209,5141,16587,883,-180,1063,9402,2717,6685,2001,1913,88
2015-05-19 00:00:00,945,-4830,5775,17304,865,-336,1201,9790,3368,6422,2081,1993,88
2015-05-26 00:00:00,942,-4777,5719,17070,814,-473,1287,9690,3385,6305,2034,1951,83
2015-06-02 00:00:00,944,-5228,6172,17333,872,-439,1311,9588,3791,5797,2004,1914,90
2015-06-09 00:00:00,1054,-3617,4671,17249,891,-359,1250,9266,1802,7464,1936,1851,85
2015-06-16 00:00:00,960,-2872,3832,16654,821,-288,1109,9085,1019,8066,1891,1799,92
2015-06-23 00:00:00,984,-2912,3896,15444,650,-346,996,8527,714,7813,2119,2027,92
2015-06-30 00:00:00,902,-2657,3559,14138,615,-287,902,7748,828,6920,2111,2022,89
2015-07-07 00:00:00,914,-2577,3491,14417,754,-255,1009,7667,581,7086,2116,2032,84
2015-07-14 00:00:00,899,-2644,3543,14462,677,-394,1071,7824,719,7105,2078,1990,88
2015-07-21 00:00:00,894,-2868,3762,14101,668,-344,1012,7478,1026,6452,2067,1975,92
2015-07-28 00:00:00,857,-2497,3354,14625,693,-346,1039,7438,452,6986,2061,1972,89
2015-08-04 00:00:00,1359,-1294,2653,15409,633,-550,1183,7103,-1221,8324,1918,1918,0
2015-08-11 00:00:00,2264,473,1791,15811,564,-383,947,6920,-3036,9956,1832,1832,0
2015-08-18 00:00:00,2405,883,1522,15904,659,-292,951,6973,-3478,10451,1883,1883,0
2015-08-25 00:00:00,1640,-15,1655,14359,639,-331,970,7263,-2070,9333,1870,1870,0
2015-09-01 00:00:00,1760,253,1507,14444,880,-29,909,6888,-2852,9740,1909,1909,0
2015-09-08 00:00:00,1988,450,1538,14698,742,17,725,6940,-3238,10178,1844,1844,0
2015-09-15 00:00:00,1814,294,1520,14178,603,-430,1033,6766,-2479,9245,1857,1857,0
2015-09-22 00:00:00,1503,-497,2000,14594,778,-487,1265,7231,-1265,8496,1852,1852,0
2015-09-29 00:00:00,762,-3572,4334,18056,915,-794,1709,10315,2215,8100,1782,1782,0
2015-10-06 00:00:00,787,-3849,4636,19655,825,-1414,2239,11447,2964,8483,1812,1812,0
2015-10-13 00:00:00,907,-3311,4218,19500,743,-1583,2326,11185,2348,8837,2088,2088,0
2015-10-20 00:00:00,1334,35,1299,16081,439,-948,1387,8577,-1695,10272,2006,2006,0
2015-10-27 00:00:00,1682,417,1265,16525,562,-589,1151,7848,-2817,10665,2009,2009,0
2015-11-03 00:00:00,1958,639,1319,16524,720,-332,1052,6963,-3529,10492,1991,1991,0
2015-11-10 00:00:00,2950,1768,1182,18629,941,156,785,7153,-5327,12480,1602,1602,0
2015-11-17 00:00:00,4480,3089,1391,19777,1060,624,436,6500,-7049,13549,1544,1544,0
2015-11-24 00:00:00,4417,3289,1128,19304,1297,918,379,5994,-7575,13569,1539,1539,0
2015-12-01 00:00:00,4109,3027,1082,19424,1338,941,397,6697,-6935,13632,1471,1471,0
2015-12-08 00:00:00,3676,2557,1119,18946,1578,1191,387,6470,-6688,13158,1397,1397,0
2015-12-15 00:00:00,3651,2555,1096,19228,1596,1112,484,6542,-6537,13079,1347,1347,0
2015-12-22 00:00:00,3793,2788,1005,17156,1556,1120,436,5865,-6601,12466,1347,1347,0
2015-12-29 00:00:00,3929,2952,977,17358,1616,1300,316,5623,-7267,12890,1344,1344,0
2016-01-05 00:00:00,3740,2520,1220,16952,1487,1101,386,5702,-6612,12314,1326,1326,0
2016-01-12 00:00:00,2596,1167,1429,15513,1183,746,437,6138,-4394,10532,1420,1420,0
2016-01-19 00:00:00,1283,-386,1669,15202,763,654,109,7340,-2307,9647,1427,1427,0
2016-01-26 00:00:00,916,-1689,2605,16181,994,886,108,8327,-1213,9540,1428,1428,0
2016-02-02 00:00:00,964,-891,1855,16208,1156,973,183,8283,-1819,10102,1394,1394,0
2016-02-09 00:00:00,976,-465,1441,16256,1092,836,256,8555,-1931,10486,1351,1351,0
2016-02-16 00:00:00,1173,-22,1195,15700,1067,837,230,7735,-2623,10358,1345,1345,0
2016-02-23 00:00:00,813,-568,1381,13450,1073,690,383,7364,-1809,9173,1363,1363,0
2016-03-01 00:00:00,802,-531,1333,13017,1135,1069,66,7020,-2240,9260,1336,1268,68
2016-03-08 00:00:00,733,-1224,1957,14606,1308,969,339,7714,-1538,9252,1536,1468,68
2016-03-15 00:00:00,864,-1331,2195,14391,1329,1101,228,7356,-1557,8913,1520,1520,0
2016-03-22 00:00:00,1073,-840,1913,14680,1469,1266,203,7284,-2153,9437,1517,1517,0
2016-03-29 00:00:00,1332,-180,1512,15242,1596,1496,100,7233,-3371,10604,1527,1527,0
2016-04-05 00:00:00,2884,2476,408,16291,2118,1818,300,6018,-6771,12789,1465,1465,0
2016-04-12 00:00:00,2798,2390,408,15575,2138,1899,239,5415,-6785,12200,1264,1264,0
2016-04-19 00:00:00,2830,2423,407,14364,2108,1928,180,5116,-6711,11827,1337,1337,0
2016-04-26 00:00:00,1972,1270,702,14784,2077,1979,98,6103,-5568,11671,1399,1399,0
2016-05-03 00:00:00,1221,548,673,13982,2138,2028,110,6021,-4889,10910,1372,1372,0
2016-05-10 00:00:00,1490,1116,374,14681,2238,2095,143,6094,-5698,11792,1433,1433,0
2016-05-17 00:00:00,1973,1680,293,15061,2426,2155,271,5365,-6622,11987,1384,1384,0
2016-05-24 00:00:00,2621,2375,246,16270,2721,2370,351,5469,-7392,12861,1374,1374,0
2016-05-31 00:00:00,2973,2703,270,17258,2681,2307,374,5595,-7896,13491,1361,1361,0
2016-06-07 00:00:00,4611,4537,74,20839,2754,2319,435,6110,-10039,16149,1336,1336,0
2016-06-14 00:00:00,5010,4966,44,21204,2763,2240,523,6111,-10202,16313,1216,1216,0
2016-06-21 00:00:00,4943,4888,55,19845,2698,2309,389,5567,-10103,15670,1281,1281,0
2016-06-28 00:00:00,5450,5395,55,19996,2916,2452,464,5294,-10448,15742,1270,1270,0
2016-07-05 00:00:00,5875,5832,43,21632,3203,2649,554,5233,-11488,16721,1263,1263,0
2016-07-12 00:00:00,6589,6338,251,22017,3290,2674,616,5073,-11753,16826,1166,1146,20
2016-07-19 00:00:00,6827,6580,247,22222,3356,2724,632,4661,-12047,16708,1140,1102,38
2016-07-26 00:00:00,7355,7323,32,23888,3475,2800,675,5194,-12700,17894,1040,829,211
2016-08-02 00:00:00,6130,6016,114,22544,2981,2298,683,6207,-10497,16704,987,761,226
2016-08-09 00:00:00,5418,5376,42,22196,2649,2123,526,6708,-9686,16394,972,753,219
2016-08-16 00:00:00,5039,4931,108,21206,2467,1993,474,6507,-8825,15332,882,657,225
2016-08-23 00:00:00,4923,4768,155,18774,2386,1973,413,5391,-8858,14249,969,747,222
2016-08-30 00:00:00,5405,5250,155,18784,2422,1991,431,4931,-9481,14412,997,727,270
2016-09-06 00:00:00,6401,6196,205,19480,2602,2131,471,4225,-10411,14636,1001,742,259
2016-09-13 00:00:00,6702,6345,357,20537,2769,2314,455,4190,-10533,14723,927,660,267
2016-09-20 00:00:00,6960,6537,423,20872,2914,2163,751,3529,-10997,14526,921,680,241
2016-09-27 00:00:00,7217,6784,433,21589,3058,2282,776,3578,-11156,14734,921,674,247
2016-10-04 00:00:00,6556,6103,453,20817,2956,2381,575,3698,-10759,14457,918,717,201
2016-10-11 00:00:00,5642,5195,447,20955,3792,3088,704,3958,-10540,14498,925,724,201
2016-10-18 00:00:00,4872,4421,451,20091,3243,2885,358,5027,-9132,14159,927,766,161
2016-10-25 00:00:00,5109,4605,504,18228,3287,2899,388,4064,-9224,13288,921,746,175
2016-11-01 00:00:00,6323,5850,473,19624,3834,3012,822,2902,-10321,13223,921,640,281
2016-11-08 00:00:00,6507,5973,534,20031,3834,3028,806,3183,-10495,13678,824,586,238
2016-11-15 00:00:00,6256,5720,536,19238,3902,3192,710,2832,-10285,13117,824,561,263
2016-11-22 00:00:00,5930,5385,545,18879,3855,3037,818,2820,-9977,12797,823,560,263
2016-11-29 00:00:00,5873,5324,549,18872,3874,3127,747,2606,-10272,12878,722,546,176
2016-12-06 00:00:00,5966,5411,555,19517,4066,3349,717,2761,-10582,13343,829,593,236
2016-12-13 00:00:00,5284,4686,598,18631,3699,3054,645,3508,-8949,12457,868,637,231
2016-12-20 00:00:00,4728,4060,668,16603,3274,2660,614,3807,-7827,11634,839,690,149
2016-12-27 00:00:00,4315,3675,640,15766,3048,2534,514,3715,-7048,10763,839,694,145
2017-01-03 00:00:00,4368,3733,635,15502,3006,2542,464,3550,-7276,10826,853,716,137
2017-01-10 00:00:00,3667,3007,660,16521,2691,2160,531,4748,-6097,10845,1055,922,133
2017-01-17 00:00:00,2776,1888,888,16964,2541,2048,493,5620,-5202,10822,1066,925,141
2017-01-24 00:00:00,1295,469,826,16715,2236,1943,293,6609,-3698,10307,1213,1078,135
2017-01-31 00:00:00,1635,458,1177,16638,2230,2091,139,6285,-3795,10080,1223,1161,62
2017-02-07 00:00:00,1422,157,1265,16443,2223,2067,156,6309,-3494,9803,1256,1192,64
2017-02-14 00:00:00,1104,-152,1256,16385,2208,2064,144,6319,-3533,9852,1318,1251,67
2017-02-21 00:00:00,1064,-23,1087,14011,2299,2156,143,5560,-3718,9278,1281,1281,0
2017-02-28 00:00:00,1206,37,1169,13593,2153,2029,124,5356,-3149,8505,975,975,0
2017-03-07 00:00:00,1691,807,884,13482,2067,1897,170,4924,-3418,8342,927,927,0
2017-03-14 00:00:00,2025,1261,764,13944,1970,1880,90,4891,-3997,8888,874,874,0
2017-03-21 00:00:00,2806,2601,205,14725,1780,1523,257,4621,-5376,9997,865,865,0
2017-03-28 00:00:00,3058,2792,266,14101,1575,1293,282,4192,-5736,9928,861,861,0
2017-04-04 00:00:00,1522,448,1074,15101,1563,1230,333,6102,-3356,9458,922,922,0
2017-04-11 00:00:00,1394,236,1158,14419,1428,1160,268,5845,-3041,8886,1081,1081,0
2017-04-18 00:00:00,1554,314,1240,14885,1441,1233,208,6372,-3049,9421,1078,1078,0
2017-04-25 00:00:00,1651,494,1157,12087,1335,1188,147,5009,-3011,8020,1034,1034,0
2017-05-02 00:00:00,1790,751,1039,11977,1258,1095,163,4936,-3047,7983,1026,1026,0
2017-05-09 00:00:00,1427,72,1355,12267,1097,970,127,5088,-2484,7572,1042,1042,0
2017-05-16 00:00:00,1465,-215,1680,13015,989,839,150,5389,-2154,7543,1055,1055,0
2017-05-23 00:00:00,1324,-882,2206,13950,816,467,349,6184,-1069,7253,1057,1057,0
2017-05-30 00:00:00,1204,-1803,3007,14222,766,415,351,6543,-224,6767,1060,1060,0
2017-06-06 00:00:00,969,-2578,3547,14811,609,212,397,7236,992,6244,1072,1071,1
2017-06-13 00:00:00,815,-2808,3623,15085,630,232,398,7736,1095,6641,1130,1130,0
2017-06-20 00:00:00,697,-2694,3391,13667,581,197,384,7356,1354,6002,902,902,0
2017-06-27 00:00:00,721,-2963,3684,12939,721,363,358,6706,1567,5139,895,895,0
2017-07-03 00:00:00,581,-3198,3779,12790,608,258,350,6889,1965,4924,935,935,0
2017-07-11 00:00:00,519,-3348,3867,13111,705,281,424,6974,2014,4960,1101,1101,0
2017-07-18 00:00:00,371,-4564,4935,14255,570,-41,611,7657,3167,4490,1059,1059,0
2017-07-25 00:00:00,508,-4819,5327,14206,589,-97,686,7696,3507,4189,1028,1028,0
2017-08-01 00:00:00,463,-4620,5083,14572,665,25,640,7725,3179,4546,1087,1087,0
2017-08-08 00:00:00,415,-4796,5211,15499,652,-81,733,8408,3321,5087,1178,1178,0
2017-08-15 00:00:00,545,-4466,5011,14880,674,132,542,7659,2629,5030,1171,1171,0
2017-08-22 00:00:00,805,-3784,4589,12617,642,42,600,5828,1581,4247,1245,1245,0
2017-08-29 00:00:00,545,-4262,4807,12477,742,251,491,5676,1631,4045,1397,1397,0
2017-09-05 00:00:00,887,-3452,4339,12144,795,140,655,4540,598,3942,1445,1445,0
2017-09-12 00:00:00,1518,-202,1720,13016,748,340,408,4387,-2737,7124,1355,1355,0
2017-09-19 00:00:00,1280,170,1110,12190,841,425,416,3855,-3170,7025,1308,1308,0
2017-09-26 00:00:00,1031,-48,1079,11792,721,312,409,3966,-2550,6516,1299,1299,0
2017-10-03 00:00:00,1169,134,1035,12323,923,598,325,3918,-2968,6886,1306,1306,0
2017-10-10 00:00:00,1213,396,817,13247,1053,751,302,3636,-3821,7457,1238,1238,0
2017-10-17 00:00:00,1642,808,834,13292,935,622,313,3671,-3904,7575,1164,1164,0
2017-10-24 00:00:00,1571,605,966,11820,794,421,373,3622,-3443,7065,1150,1150,0
2017-10-31 00:00:00,1580,626,954,11220,810,484,326,2854,-3769,6623,1151,1151,0
2017-11-07 00:00:00,1785,1002,783,11700,862,519,343,2788,-4294,7082,1132,1132,0
2017-11-14 00:00:00,2522,1865,657,12887,718,359,359,3120,-4992,8112,1147,1147,0
2017-11-21 00:00:00,3443,3041,402,14231,745,323,422,3417,-5895,9312,1159,1159,0
2017-11-28 00:00:00,3706,3420,286,14426,676,217,459,3395,-6124,9519,1158,1158,0
2017-12-05 00:00:00,3763,3454,309,14222,589,40,549,3295,-5877,9172,1136,1136,0
2017-12-12 00:00:00,2554,1732,822,13259,373,-254,627,4373,-3698,8071,1107,1107,0
2017-12-19 00:00:00,1235,-185,1420,11977,614,-15,629,4997,-1721,6718,1100,1100,0
2017-12-26 00:00:00,564,-1853,2417,13004,787,26,761,6254,-54,6308,1031,1031,0
2018-01-02 00:00:00,230,-3002,3232,13738,863,-43,906,6886,944,5942,1133,1133,0
2018-01-09 00:00:00,394,-3117,3511,14275,893,-18,911,6865,1106,5759,1380,1380,0
2018-01-16 00:00:00,488,-3457,3945,14361,960,26,934,7189,1579,5610,1408,1408,0
2018-01-23 00:00:00,601,-2521,3122,13541,852,29,823,6712,962,5750,1389,1389,0
2018-01-30 00:00:00,550,-2038,2588,13485,779,19,760,6836,465,6371,1391,1391,0
2018-02-06 00:00:00,463,-1887,2350,13997,728,-237,965,7068,720,6348,1307,1307,0
2018-02-13 00:00:00,447,-1657,2104,14267,673,-261,934,7655,731,6924,1238,1238,0
2018-02-20 00:00:00,613,-1300,1913,13192,660,-126,786,7308,133,7175,1242,1242,0
2018-02-27 00:00:00,678,-1398,2076,13298,709,-222,931,7546,568,6978,1239,1239,0
2018-03-06 00:00:00,537,-2183,2720,14626,820,-44,864,8168,929,7239,1264,1264,0
2018-03-13 00:00:00,547,-2314,2861,15323,756,-120,876,8590,1174,7416,1343,1343,0
2018-03-20 00:00:00,554,-2510,3064,15577,789,-80,869,8669,1241,7428,1352,1352,0
2018-03-27 00:00:00,553,-2761,3314,16279,925,-44,969,9065,1625,7440,1357,1357,0
2018-04-03 00:00:00,550,-2883,3433,16472,962,50,912,9290,1673,7617,1362,1362,0
2018-04-10 00:00:00,544,-3203,3747,16744,1006,96,910,9351,1920,7431,1316,1316,0
2018-04-17 00:00:00,685,-2611,3296,16794,801,-65,866,9030,745,8285,1386,1386,0
2018-04-24 00:00:00,881,-1776,2657,15389,902,131,771,8268,-413,8681,1367,1367,0
2018-05-01 00:00:00,2125,710,1415,15404,625,-164,789,7188,-2798,9986,1350,1350,0
2018-05-08 00:00:00,2939,2547,392,15900,578,-204,782,6398,-5029,11427,1241,1241,0
2018-05-15 00:00:00,4386,4206,180,18285,597,-195,792,6548,-6668,13216,1253,1253,0
2018-05-22 00:00:00,5397,5180,217,19277,557,-282,839,6360,-7809,14169,1225,1225,0
2018-05-29 00:00:00,6098,5888,210,20128,554,-348,902,6417,-8293,14710,1233,1233,0
2018-06-05 00:00:00,5917,5813,104,19978,512,-356,868,6716,-7936,14652,1148,1148,0
2018-06-12 00:00:00,5346,5242,104,19344,715,-130,845,6872,-7225,14097,1144,1144,0
2018-06-19 00:00:00,4647,4543,104,17553,727,-164,891,6781,-6777,13558,1149,1149,0
2018-06-26 00:00:00,4432,4306,126,16949,739,-230,969,6525,-6566,13091,1142,1142,0
2018-07-03 00:00:00,4359,4259,100,16574,833,-115,948,6109,-6913,13022,1143,1143,0
2018-07-10 00:00:00,5023,4923,100,16763,786,-183,969,5655,-7372,13027,1092,1092,0
2018-07-17 00:00:00,6158,6038,120,18233,465,-507,972,5552,-8372,13924,1150,1150,0
2018-07-24 00:00:00,6235,5986,249,18211,577,-519,1096,5557,-7905,13462,1186,1087,99
2018-07-31 00:00:00,6211,5971,240,18274,387,-563,950,5710,-7724,13434,1123,1020,103
2018-08-07 00:00:00,6177,5938,239,18360,380,-659,1039,5766,-7514,13280,1105,1005,100
2018-08-14 00:00:00,4814,4462,352,17804,377,-736,1113,6723,-5546,12269,1157,1157,0
2018-08-21 00:00:00,2681,2297,384,15479,588,-377,965,7428,-3592,11020,1159,1159,0
2018-08-28 00:00:00,1848,1365,483,16067,732,-137,869,8069,-2780,10849,1279,1279,0
2018-09-04 00:00:00,1647,860,787,15720,763,88,675,7744,-2633,10377,1265,1265,0
2018-09-11 00:00:00,1457,465,992,15591,794,232,562,7669,-2678,10347,1302,1302,0
2018-09-18 00:00:00,1173,-823,1996,17086,1159,516,643,9022,-801,9823,1302,1302,0
2018-09-25 00:00:00,939,-1809,2748,17355,1164,456,708,9609,438,9171,1294,1294,0
2018-10-02 00:00:00,966,-2479,3445,17660,1170,456,714,9460,714,8746,1298,1298,0
2018-10-09 00:00:00,762,-3269,4031,19167,1197,376,821,10729,1945,8784,1404,1404,0
2018-10-16 00:00:00,760,-3728,4488,20234,1147,289,858,11270,2290,8980,1394,1394,0
2018-10-23 00:00:00,732,-5813,6545,20406,1242,295,947,12251,4199,8052,1491,1491,0
2018-10-30 00:00:00,677,-6318,6995,20569,974,70,904,12495,4643,7852,1570,1570,0
2018-11-06 00:00:00,628,-6737,7365,21441,1121,209,912,12912,4856,8056,1656,1557,99
2018-11-13 00:00:00,533,-7343,7876,21886,1156,124,1032,13052,5495,7557,1589,1489,100
2018-11-20 00:00:00,426,-7644,8070,21386,998,52,946,12893,5511,7382,1612,1512,100
2018-11-27 00:00:00,403,-7455,7858,20824,849,-87,936,12352,5211,7141,1701,1701,0
2018-12-04 00:00:00,512,-6269,6781,20761,780,-17,797,12198,3890,8308,1672,1672,0
2018-12-11 00:00:00,384,-6068,6452,20134,677,-133,810,12376,4543,7833,1556,1556,0
2018-12-18 00:00:00,499,-5941,6440,19990,687,-134,821,12009,4447,7562,1528,1528,0
2018-12-24 00:00:00,585,-6189,6774,19239,684,-332,1016,12258,5213,7045,1691,1691,0
2018-12-31 00:00:00,616,-6582,7198,19766,784,-373,1157,12328,5418,6910,1679,1679,0
2019-01-08 00:00:00,691,-7153,7844,21225,806,-374,1180,13042,5664,7378,1715,1715,0
2019-01-15 00:00:00,647,-7945,8592,22130,765,-345,1110,13537,6117,7420,1804,1804,0
2019-01-22 00:00:00,768,-8356,9124,23218,936,-228,1164,13923,6213,7710,1800,1800,0
2019-01-29 00:00:00,741,-9021,9762,23712,1038,-201,1239,13710,6333,7377,1794,1794,0
2019-02-05 00:00:00,726,-9119,9845,24305,1022,-150,1172,13674,5916,7758,1848,1848,0
2019-02-12 00:00:00,726,-9226,9952,24894,1016,-190,1206,13824,5979,7845,1911,1911,0
2019-02-19 00:00:00,794,-9174,9968,24763,990,-231,1221,14171,6409,7762,1838,1838,0
2019-02-26 00:00:00,1000,-8484,9484,24118,948,-343,1291,14024,5564,8460,1843,1843,0
2019-03-05 00:00:00,903,-8863,9766,24392,1016,-338,1354,13795,6226,7569,1859,1859,0
2019-03-12 00:00:00,886,-8646,9532,24789,1208,-28,1236,13701,5078,8623,1919,1919,0
2019-03-19 00:00:00,1107,-6997,8104,23730,1132,147,985,12678,2917,9761,1936,1936,0
2019-03-26 00:00:00,1276,-5291,6567,22799,995,102,893,12066,1678,10388,1921,1921,0
2019-04-02 00:00:00,1306,-4916,6222,22722,914,44,870,12289,1902,10387,1826,1826,0
2019-04-09 00:00:00,984,-6116,7100,24315,856,-101,957,13193,3007,10186,1965,1965,0
2019-04-16 00:00:00,779,-7359,8138,25714,1068,99,969,14121,3881,10240,1916,1916,0
2019-04-23 00:00:00,721,-7624,8345,24652,1240,226,1014,14029,4092,9937,1886,1886,0
2019-04-30 00:00:00,792,-7821,8613,24624,1377,316,1061,13633,4170,9463,1803,1803,0
2019-05-07 00:00:00,773,-8288,9061,26030,1482,302,1180,14322,4566,9756,1797,1797,0
2019-05-14 00:00:00,651,-8230,8881,25494,1481,263,1218,13993,4571,9422,1829,1829,0
2019-05-21 00:00:00,420,-7431,7851,25148,1444,360,1084,13748,3700,10048,1790,1790,0
2019-05-28 00:00:00,449,-7178,7627,25519,1348,315,1033,13726,3401,10325,1825,1825,0
2019-06-04 00:00:00,441,-6951,7392,25371,1302,301,1001,13608,2969,10639,1778,1778,0
2019-06-11 00:00:00,557,-6545,7102,25586,1222,279,943,13810,3189,10621,1638,1638,0
2019-06-18 00:00:00,582,-6235,6817,25267,1133,63,1070,13795,3446,10349,1502,1502,0
2019-06-25 00:00:00,447,-6383,6830,23185,955,-138,1093,13485,3646,9839,1466,1466,0
2019-07-02 00:00:00,497,-6951,7448,23914,1118,-4,1122,13851,4096,9755,1524,1524,0
2019-07-09 00:00:00,475,-6862,7337,23932,1120,-28,1148,13714,4134,9580,1474,1474,0
2019-07-16 00:00:00,455,-7157,7612,23787,1185,117,1068,13410,4028,9382,1456,1456,0
2019-07-23 00:00:00,550,-6965,7515,23734,1005,-127,1132,13552,4282,9270,1283,1283,0
2019-07-30 00:00:00,602,-6909,7511,23832,1109,48,1061,13355,4049,9306,1286,1286,0
2019-08-06 00:00:00,604,-7262,7866,23973,1245,200,1045,13600,4824,8776,1169,1169,0
2019-08-13 00:00:00,550,-7428,7978,24038,1194,192,1002,13717,4946,8771,1198,1198,0
2019-08-20 00:00:00,604,-7670,8274,23399,1180,167,1013,13652,5580,8072,1138,1138,0
2019-08-27 00:00:00,550,-7525,8075,22327,1197,191,1006,13199,5124,8075,1122,1122,0
2019-09-03 00:00:00,743,-6325,7068,21777,1196,298,898,12429,3596,8833,1062,1062,0
2019-09-10 00:00:00,798,-5599,6397,21411,1175,250,925,12105,3154,8951,1079,1079,0
2019-09-17 00:00:00,748,-5597,6345,21421,1115,203,912,12088,3267,8821,1074,1074,0
2019-09-24 00:00:00,751,-6087,6838,22204,986,76,910,12275,3486,8789,1074,1074,0
2019-10-01 00:00:00,719,-6423,7142,22666,1076,141,935,12048,3695,8353,1034,1034,0
2019-10-08 00:00:00,818,-6179,6997,22424,1147,255,892,11769,3107,8662,1048,1048,0
2019-10-15 00:00:00,725,-6093,6818,22069,1072,177,895,11771,3447,8324,1092,1092,0
2019-10-22 00:00:00,727,-5965,6692,20359,887,-32,919,11174,3182,7992,1367,1367,0
2019-10-29 00:00:00,673,-6800,7473,21656,1142,95,1047,11205,3009,8196,1164,1164,0
2019-11-05 00:00:00,762,-7133,7895,21325,1522,509,1013,11253,3492,7761,1185,1185,0
2019-11-12 00:00:00,666,-7152,7818,21287,1622,628,994,10982,3463,7519,1228,1228,0
2019-11-19 00:00:00,668,-7017,7685,21103,1675,631,1044,10733,3118,7615,1216,1216,0
2019-11-26 00:00:00,653,-6867,7520,21025,1756,711,1045,10599,2891,7708,1188,1188,0
2019-12-03 00:00:00,690,-7362,8052,22638,2120,989,1131,10988,3121,7867,1164,1110,54
2019-12-10 00:00:00,835,-8129,8964,24112,2280,1146,1134,11180,3247,7933,1184,1184,0
2019-12-17 00:00:00,954,-7850,8804,25464,2471,1428,1043,11195,2958,8237,1146,1146,0
2019-12-24 00:00:00,897,-6495,7392,20824,2039,1023,1016,9663,1651,8012,1100,1100,0
2019-12-31 00:00:00,935,-6374,7309,20827,1935,836,1099,9735,2064,7671,1116,1116,0
2020-01-07 00:00:00,963,-6674,7637,21363,1935,873,1062,9535,2059,7476,1128,1128,0
2020-01-14 00:00:00,1014,-7524,8538,23300,1912,813,1099,10018,2762,7256,1300,1300,0
2020-01-21 00:00:00,1047,-7603,8650,23758,1979,879,1100,10140,2647,7493,1355,1355,0
2020-01-28 00:00:00,1039,-8157,9196,24236,1996,911,1085,10651,3039,7612,1329,1329,0
2020-02-04 00:00:00,1001,-8236,9237,25539,1999,677,1322,11571,3845,7726,1209,1209,0
2020-02-11 00:00:00,1103,-7636,8739,23619,2037,923,1114,11010,3331,7679,1120,1120,0
2020-02-18 00:00:00,1230,-7090,8320,22689,1980,800,1180,10456,3107,7349,1157,1157,0
2020-02-25 00:00:00,1064,-7112,8176,19862,2054,906,1148,9866,3421,6445,1165,1165,0
2020-03-03 00:00:00,1100,-7543,8643,19681,2406,1380,1026,9804,3639,6165,1142,1142,0
2020-03-10 00:00:00,1191,-7515,8706,19800,2758,1826,932,9705,3543,6162,1023,1023,0
2020-03-17 00:00:00,1415,-5965,7380,18546,2201,1389,812,9604,2583,7021,818,818,0
2020-03-24 00:00:00,1509,-3266,4775,18014,1490,839,651,9248,-8,9256,735,728,7
2020-03-31 00:00:00,2048,393,1655,16626,1005,297,708,7773,-2520,10293,841,833,8
2020-04-07 00:00:00,1728,749,979,15193,664,-50,714,7842,-2189,10031,727,722,5
2020-04-14 00:00:00,1161,256,905,14965,830,232,598,8386,-1595,9981,653,648,5
2020-04-21 00:00:00,1166,26,1140,13499,773,104,669,7913,-1383,9296,709,705,4
2020-04-28 00:00:00,1162,-169,1331,13703,867,211,656,7644,-1740,9384,783,773,10
2020-05-05 00:00:00,1211,165,1046,12627,814,225,589,6318,-2355,8673,742,727,15
2020-05-12 00:00:00,1459,736,723,12730,826,240,586,6225,-2600,8825,601,586,15
2020-05-19 00:00:00,2168,1595,573,14469,855,270,585,6085,-4090,10175,620,605,15
2020-05-26 00:00:00,2634,2233,401,14858,807,222,585,5985,-4574,10559,606,600,6
2020-06-02 00:00:00,2406,2027,379,14645,630,45,585,6015,-4205,10220,600,600,0
2020-06-09 00:00:00,2532,2181,351,14704,689,104,585,6001,-4027,10028,540,539,1
2020-06-16 00:00:00,2200,1735,465,14535,459,-382,841,6640,-2817,9457,559,559,0
2020-06-23 00:00:00,2216,1720,496,12953,450,-269,719,5941,-3054,8995,569,569,0
2020-06-30 00:00:00,2255,2069,186,12813,529,-57,586,5611,-3601,9212,575,575,0
2020-07-07 00:00:00,2311,2207,104,12769,468,-179,647,5647,-3507,9154,578,578,0
2020-07-14 00:00:00,2499,2444,55,13061,452,-235,687,5386,-4027,9413,585,585,0
2020-07-21 00:00:00,2375,2137,238,12658,435,-233,668,5563,-3476,9039,569,569,0
2020-07-28 00:00:00,2257,2022,235,12681,512,-155,667,5701,-3032,8733,571,571,0
2020-08-04 00:00:00,1808,1392,416,12516,495,-220,715,5836,-2361,8197,578,578,0
2020-08-11 00:00:00,1104,779,325,12504,502,-247,749,6325,-1452,7777,653,653,0
2020-08-18 00:00:00,1308,975,333,12259,424,-270,694,5903,-2178,8081,666,666,0
2020-08-25 00:00:00,1366,988,378,11015,454,-228,682,5287,-2209,7496,671,671,0
2020-09-01 00:00:00,1358,848,510,10638,461,-216,677,4914,-1788,6702,724,724,0
2020-09-08 00:00:00,1399,858,541,10460,504,-158,662,4560,-1890,6450,777,777,0
2020-09-15 00:00:00,1210,463,747,10933,512,-149,661,4758,-1491,6249,769,694,75
2020-09-22 00:00:00,1026,155,871,11561,478,-192,670,5288,-1021,6309,773,698,75
2020-09-29 00:00:00,938,-1760,2698,13279,488,-228,716,6489,442,6047,793,732,61
2020-10-06 00:00:00,887,-1908,2795,13358,581,-126,707,6604,544,6060,776,671,105
2020-10-13 00:00:00,918,-1485,2403,13624,713,114,599,6554,-537,7091,854,761,93
2020-10-20 00:00:00,1034,-1173,2207,13222,627,36,591,6805,-882,7687,896,803,93
2020-10-27 00:00:00,953,-1694,2647,12786,688,-3,691,6610,-324,6934,897,798,99
2020-11-03 00:00:00,1019,-1489,2508,12655,665,-109,774,6505,-366,6871,879,780,99
2020-11-10 00:00:00,1045,-1391,2436,12981,681,-29,710,6460,-722,7182,875,776,99
2020-11-17 00:00:00,1684,-194,1878,13719,856,78,778,5868,-2529,8397,914,825,89
2020-11-24 00:00:00,2492,1946,546,13547,614,-261,875,5323,-4229,9552,811,703,108
2020-12-01 00:00:00,2796,2665,131,13595,579,-208,787,5331,-4654,9985,774,666,108
2020-12-08 00:00:00,2839,2733,106,13975,621,-80,701,5343,-4728,10071,732,615,117
2020-12-15 00:00:00,2485,2096,389,13951,719,-128,847,5736,-3728,9464,739,616,123
2020-12-21 00:00:00,2305,2166,139,13168,740,-208,948,5905,-3650,9555,735,628,107
2020-12-29 00:00:00,2462,2408,54,13016,627,-53,680,5750,-4138,9888,726,619,107
2021-01-05 00:00:00,2451,2397,54,12757,502,-74,576,5329,-4339,9668,745,638,107
2021-01-12 00:00:00,2716,2606,110,12203,577,12,565,4560,-4543,9103,802,699,103
2021-01-19 00:00:00,2760,2706,54,12166,530,-78,608,4224,-4645,8869,956,859,97
2021-01-26 00:00:00,2421,2246,175,12665,596,-67,663,4559,-3888,8447,1133,1031,102
2021-02-02 00:00:00,1712,613,1099,14492,1024,197,827,5558,-2778,8336,1162,1049,113
2021-02-09 00:00:00,1654,9,1645,15323,882,175,707,5814,-2355,8169,1398,1293,105
2021-02-16 00:00:00,1503,-39,1542,15177,908,230,678,5825,-2483,8308,1500,1393,107
2021-02-23 00:00:00,1206,-703,1909,13867,1070,410,660,5660,-2050,7710,1580,1510,70
2021-03-02 00:00:00,1214,-812,2026,13555,1109,362,747,5582,-2021,7603,1574,1574,0
2021-03-09 00:00:00,1237,-1257,2494,14128,1236,478,758,5516,-1854,7370,1717,1664,53
2021-03-16 00:00:00,1349,-732,2081,13520,1170,516,654,4823,-2845,7668,1838,1785,53
2021-03-23 00:00:00,1243,-595,1838,13494,1070,380,690,5117,-2397,7514,1752,1699,53
2021-03-30 00:00:00,1067,-1145,2212,14099,1134,489,645,5256,-1969,7225,1832,1772,60
2021-04-06 00:00:00,1076,-1506,2582,14986,1429,749,680,5686,-1534,7220,1796,1736,60
2021-04-13 00:00:00,1107,-1543,2650,15176,1202,476,726,5940,-1136,7076,1822,1822,0
2021-04-20 00:00:00,1268,-1630,2898,14389,872,157,715,5735,-1616,7351,1887,1830,57
2021-04-27 00:00:00,1282,-1283,2565,14351,955,344,611,5620,-2160,7780,1911,1840,71
2021-05-04 00:00:00,1191,-2314,3505,15718,1262,475,787,6447,-1031,7478,1924,1846,78
2021-05-11 00:00:00,1219,-2636,3855,15550,987,527,460,6236,-1412,7648,2040,1955,85
2021-05-18 00:00:00,1382,-1832,3214,15374,1220,591,629,5721,-2262,7983,2032,1947,85
2021-05-25 00:00:00,1326,-1790,3116,15373,1425,864,561,5757,-2265,8022,2062,1977,85
2021-06-01 00:00:00,1374,-1261,2635,15160,1482,858,624,4827,-3512,8339,2038,1953,85
2021-06-08 00:00:00,1964,763,1201,14758,1371,553,818,4017,-5514,9531,2224,2224,0
2021-06-15 00:00:00,2375,1623,752,14225,1403,457,946,3814,-5684,9498,1783,1706,77
2021-06-22 00:00:00,2145,1349,796,13181,1402,504,898,4016,-4991,9007,1766,1689,77
2021-06-29 00:00:00,2071,1260,811,12805,1497,723,774,3661,-4993,8654,1775,1698,77
2021-07-06 00:00:00,2151,1345,806,13049,1761,949,812,3475,-5295,8770,1755,1678,77
2021-07-13 00:00:00,2265,1628,637,13058,1776,1063,713,3394,-5781,9175,1716,1627,89
2021-07-20 00:00:00,2353,1976,377,13562,1767,1112,655,2915,-6968,9883,1632,1555,77
2021-07-27 00:00:00,3010,2861,149,14748,1927,1313,614,2810,-8165,10975,1614,1527,87
2021-08-03 00:00:00,2894,2731,163,14030,1635,1029,606,2892,-7329,10221,1450,1086,364
2021-08-10 00:00:00,2798,2695,103,14492,1658,1075,583,2997,-7491,10488,1380,1167,213
2021-08-17 00:00:00,3051,2957,94,14613,1562,976,586,3163,-7555,10718,1370,1184,186
2021-08-24 00:00:00,3340,3340,0,14498,1856,1274,582,2971,-8246,11217,1354,1267,87
2021-08-31 00:00:00,3565,3565,0,14145,1725,1180,545,3103,-8207,11310,1349,1251,98
2021-09-07 00:00:00,3526,3526,0,13791,1759,1194,565,2588,-8284,10872,1389,1291,98
2021-09-14 00:00:00,3631,3631,0,13627,1439,819,620,2936,-7773,10709,1309,1211,98
2021-09-21 00:00:00,3571,3571,0,13386,1407,817,590,2909,-7744,10653,1323,1226,97
2021-09-28 00:00:00,3270,3214,56,12899,1209,584,625,3297,-6866,10163,1339,1215,124
2021-10-05 00:00:00,2997,2858,139,12964,1123,508,615,3517,-6398,9915,1345,1220,125
2021-10-12 00:00:00,1577,1230,347,13548,1213,576,637,4939,-4821,9760,1558,1429,129
2021-10-19 00:00:00,1068,-327,1395,13370,1382,652,730,5204,-2973,8177,1568,1421,147
2021-10-26 00:00:00,877,-522,1399,13377,1358,571,787,5500,-2563,8063,1785,1662,123
2021-11-02 00:00:00,850,-1025,1875,13209,1558,762,796,5343,-1745,7088,1779,1612,167
2021-11-09 00:00:00,861,-1695,2556,13982,1637,1059,578,5540,-1613,7153,1915,1731,184
2021-11-16 00:00:00,861,-1460,2321,12920,1672,1244,428,4924,-2465,7389,2013,1906,107
2021-11-23 00:00:00,865,-1267,2132,12922,1438,1010,428,4949,-2824,7773,1849,1751,98
2021-11-30 00:00:00,856,-1246,2102,13049,1344,831,513,5442,-2050,7492,1720,1573,147
2021-12-07 00:00:00,804,-1649,2453,13011,1309,753,556,5073,-1571,6644,1896,1732,164
2021-12-14 00:00:00,795,-1646,2441,13010,1325,742,583,5059,-1842,6901,1910,1761,149
2021-12-21 00:00:00,1256,-758,2014,12743,1229,706,523,4740,-3123,7863,1811,1739,72
2021-12-28 00:00:00,1550,692,858,12693,1220,839,381,4318,-5074,9392,1738,1738,0
2022-01-04 00:00:00,1963,1590,373,13449,1220,917,303,4258,-6056,10314,1797,1797,0
2022-01-11 00:00:00,2398,2317,81,13706,1401,1163,238,3601,-6818,10419,1767,1767,0
2022-01-18 00:00:00,2987,2987,0,14953,1421,1115,306,3393,-7994,11387,2058,2058,0
2022-01-25 00:00:00,3694,3694,0,15935,1396,1055,341,2954,-8826,11780,2038,2038,0
2022-02-01 00:00:00,3819,3819,0,16037,1275,913,362,2171,-9462,11633,2699,2609,90
2022-02-08 00:00:00,3304,3304,0,15726,1239,1055,184,2576,-9338,11914,2684,2684,0
2022-02-15 00:00:00,2454,2454,0,15604,1425,1362,63,2922,-8783,11705,2694,2694,0
2022-02-22 00:00:00,2123,2123,0,14146,1434,1349,85,2859,-8548,11407,2855,2855,0
2022-03-01 00:00:00,2025,2025,0,13978,1488,1354,134,2530,-8840,11370,2895,2895,0
2022-03-08 00:00:00,2498,2498,0,14020,1553,1510,43,1811,-9613,11424,3277,3277,0
2022-03-15 00:00:00,2285,2260,25,13912,1533,1378,155,2012,-9147,11159,3265,3265,0
2022-03-22 00:00:00,2761,2671,90,14356,1549,1386,163,2192,-9257,11449,3172,3172,0
2022-03-29 00:00:00,2989,2904,85,15125,1732,1508,224,2342,-9562,11904,3115,3115,0
2022-04-05 00:00:00,3817,3792,25,16675,1570,1328,242,2158,-10670,12828,3361,3361,0
2022-04-12 00:00:00,4273,4273,0,17003,1492,1209,283,2142,-10691,12833,2734,2734,0
2022-04-19 00:00:00,4174,4174,0,14638,1209,891,318,1739,-10012,11751,2794,2794,0
2022-04-26 00:00:00,3938,3938,0,14376,1062,976,86,1876,-9866,11742,2806,2806,0
2022-05-03 00:00:00,4205,4205,0,14478,1093,996,97,1063,-10149,11212,2849,2849,0
2022-05-10 00:00:00,4366,4366,0,14532,995,777,218,1084,-9907,10991,2777,2777,0
2022-05-17 00:00:00,4330,4269,61,14874,898,748,150,1622,-9566,11188,3004,2898,106
2022-05-24 00:00:00,4480,4419,61,14445,871,717,154,1041,-9756,10797,3027,2988,39
2022-05-31 00:00:00,4780,4719,61,15073,860,676,184,871,-10232,11103,3076,3051,25
2022-06-07 00:00:00,4970,4909,61,15602,924,681,243,886,-10789,11675,3185,3171,14
2022-06-14 00:00:00,5277,5216,61,15827,900,565,335,1017,-11097,12114,3219,3219,0
2022-06-21 00:00:00,5085,5024,61,14427,933,608,325,1094,-10808,11902,3131,3131,0
2022-06-28 00:00:00,4420,4359,61,13723,1090,922,168,1853,-9550,11403,2841,2841,0
2022-07-05 00:00:00,4491,4430,61,13523,946,677,269,1902,-9029,10931,2748,2748,0
2022-07-12 00:00:00,4028,3853,175,13358,890,408,482,2102,-7878,9980,2657,2657,0
2022-07-19 00:00:00,2934,2439,495,12539,1062,766,296,2491,-6676,9167,2634,2558,76
2022-07-26 00:00:00,2473,1922,551,12511,1066,834,232,2849,-6223,9072,2634,2549,85
2022-08-02 00:00:00,2782,2611,171,12517,1149,947,202,2096,-7486,9582,2687,2670,17
2022-08-09 00:00:00,3844,3782,62,13068,979,626,353,1948,-8219,10167,2601,2598,3
2022-08-16 00:00:00,4361,4299,62,13005,862,406,456,1572,-8508,10080,2627,2627,0
2022-08-23 00:00:00,3793,3731,62,11642,806,380,426,1533,-7846,9379,2561,2561,0
2022-08-30 00:00:00,3002,2816,186,10912,845,535,310,1502,-7505,9007,2706,2706,0
2022-09-06 00:00:00,3337,3101,236,11470,680,134,546,1371,-7556,8927,2697,2697,0
2022-09-13 00:00:00,3089,2779,310,11040,790,261,529,1283,-7129,8412,2632,2632,0
2022-09-20 00:00:00,3365,2805,560,11363,880,453,427,1138,-7338,8476,2725,2725,0
2022-09-27 00:00:00,3627,3252,375,11851,920,446,474,1128,-7641,8769,2686,2686,0
2022-10-04 00:00:00,3913,3913,0,12804,948,352,596,950,-8240,9190,2560,2533,27
2022-10-11 00:00:00,3996,3996,0,12526,862,377,485,1013,-8168,9181,2554,2492,62
2022-10-18 00:00:00,4173,4173,0,13114,863,412,451,1069,-8489,9558,2428,2362,66
2022-10-25 00:00:00,4398,4398,0,12147,846,206,640,979,-8412,9391,2341,2280,61
2022-11-01 00:00:00,4698,4545,153,12241,824,163,661,1016,-8615,9631,2338,2270,68
2022-11-08 00:00:00,4997,4844,153,12561,861,181,680,962,-8592,9554,2161,2093,68
2022-11-15 00:00:00,4835,4682,153,12327,789,61,728,1340,-7699,9039,2148,2052,96
2022-11-22 00:00:00,4906,4762,144,12093,660,101,559,1035,-7821,8856,2038,1944,94
2022-11-29 00:00:00,5139,4983,156,12440,708,53,655,1096,-7877,8973,2012,1923,89
2022-12-06 00:00:00,4909,4835,74,12466,767,46,721,1221,-7613,8834,1955,1842,113
2022-12-13 00:00:00,5027,4953,74,12822,839,107,732,1203,-7495,8698,1843,1706,137
2022-12-20 00:00:00,5043,4919,124,11830,800,-68,868,1007,-7581,8588,1834,1727,107
2022-12-27 00:00:00,5314,5190,124,11719,794,-21,815,842,-7776,8618,1830,1723,107
2023-01-03 00:00:00,5394,5394,0,11798,800,-24,824,825,-7894,8719,1839,1732,107
2023-01-10 00:00:00,5677,5677,0,12274,770,-36,806,841,-8138,8979,1807,1696,111
2023-01-17 00:00:00,6039,6039,0,12851,823,-33,856,979,-8228,9207,1760,1623,137
2023-01-24 00:00:00,6071,6071,0,13174,737,-77,814,1560,-7926,9486,1422,1201,221
2023-01-31 00:00:00,6731,6731,0,14630,821,-58,879,1683,-8942,10625,1424,1229,195
2023-02-07 00:00:00,6424,6113,311,14756,721,221,500,1396,-8227,9623,1411,1228,183
2023-02-14 00:00:00,5179,4868,311,13306,816,354,462,1370,-7376,8746,1367,1229,138
2023-02-21 00:00:00,5314,5003,311,12923,725,380,345,1889,-7222,9111,1364,1312,52
2023-02-28 00:00:00,5614,5306,308,12600,773,425,348,1398,-7483,8881,1363,1363,0
2023-03-07 00:00:00,5119,4811,308,12318,715,231,484,1591,-6813,8404,1368,1368,0
2023-03-14 00:00:00,4683,4375,308,12273,704,283,421,1674,-6385,8059,1370,1370,0
2023-03-21 00:00:00,4369,4061,308,11752,763,164,599,1484,-5969,7453,1422,1354,68
2023-03-28 00:00:00,4138,3812,326,11233,785,295,490,902,-6121,7023,1368,1368,0
2023-04-04 00:00:00,4228,3759,469,11935,847,511,336,703,-6363,7066,1373,1318,55
2023-04-11 00:00:00,4378,3910,468,12322,891,532,359,780,-6218,6998,1311,1249,62
2023-04-18 00:00:00,4179,3706,473,12611,748,285,463,1072,-5722,6794,1284,1157,127
2023-04-25 00:00:00,4399,3905,494,12100,891,485,406,1024,-5776,6800,1287,1144,143
2023-05-02 00:00:00,4430,3954,476,11247,868,397,471,564,-5654,6218,1264,1107,157
2023-05-09 00:00:00,3957,3462,495,10711,819,148,671,998,-4627,5625,1264,1143,121
2023-05-16 00:00:00,3558,3129,429,10602,829,168,661,1297,-4374,5671,1255,1200,55
2023-05-23 00:00:00,3642,3302,340,11607,742,202,540,1251,-4923,6174,1255,1255,0
2023-05-30 00:00:00,4298,3957,341,12278,737,30,707,1182,-5428,6610,1236,1236,0
2023-06-06 00:00:00,4299,3959,340,12096,623,-165,788,1360,-5239,6599,1244,1244,0
2023-06-13 00:00:00,3614,3170,444,11193,614,-199,813,1562,-4391,5953,1237,1237,0
2023-06-20 00:00:00,3416,2928,488,10717,647,57,590,1115,-4759,5874,1235,1235,0
2023-06-27 00:00:00,3719,3082,637,10681,636,38,598,1084,-4804,5888,1288,1288,0
2023-07-03 00:00:00,3589,2879,710,10600,595,23,572,1356,-4312,5668,1322,1322,0
2023-07-11 00:00:00,3908,3183,725,11754,868,146,722,1200,-5280,6480,1343,1343,0
2023-07-18 00:00:00,4030,3190,840,12273,809,87,722,1155,-5479,6634,1322,1322,0
2023-07-25 00:00:00,4675,3982,693,13341,858,36,822,1102,-5728,6830,1287,1270,17
2023-08-01 00:00:00,5034,4573,461,13951,943,-134,1077,1141,-5712,6853,1245,1159,86
2023-08-08 00:00:00,4880,4400,480,13440,720,-394,1114,1206,-5342,6548,1173,1064,109
2023-08-15 00:00:00,4635,4167,468,13232,765,-144,909,1069,-5322,6391,1163,1100,63
2023-08-22 00:00:00,4066,3619,447,12084,837,-13,850,1155,-5293,6448,1151,1151,0
2023-08-29 00:00:00,4115,3689,426,11677,767,-249,1016,1216,-5031,6247,1144,1144,0
2023-09-05 00:00:00,4282,3828,454,11726,761,-265,1026,1205,-5051,6256,1148,1148,0
2023-09-12 00:00:00,4308,3865,443,12322,688,-392,1080,1147,-5003,6150,1117,1093,24
2023-09-19 00:00:00,4323,3891,432,11937,710,-421,1131,1131,-5206,6337,1104,1104,0
2023-09-26 00:00:00,4436,4001,435,12209,732,-303,1035,1216,-5241,6457,1102,1060,42
2023-10-03 00:00:00,4343,3905,438,12238,721,-298,1019,1488,-5076,6564,1104,1013,91
2023-10-10 00:00:00,4007,3574,433,12171,774,-189,963,1461,-4858,6319,1044,1044,0
2023-10-17 00:00:00,3752,3320,432,12881,828,-24,852,1804,-4818,6622,1042,992,50
2023-10-24 00:00:00,3771,3305,466,12164,872,-30,902,1955,-4818,6773,1045,995,50
2023-10-31 00:00:00,3826,3358,468,11889,927,42,885,1703,-4785,6488,1037,1037,0
2023-11-07 00:00:00,3169,2558,611,11491,647,77,570,2363,-3937,6300,1019,1019,0
2023-11-14 00:00:00,3331,2648,683,11775,734,74,660,2039,-4214,6253,991,991,0
2023-11-21 00:00:00,3626,3103,523,12250,867,153,714,2138,-4449,6587,974,941,33
2023-11-28 00:00:00,3725,3141,584,12145,815,-119,934,1899,-4399,6298,982,961,21
2023-12-05 00:00:00,3525,2879,646,12549,575,-304,879,2450,-3776,6226,968,934,34
2023-12-12 00:00:00,3217,2451,766,12477,662,-130,792,2656,-3695,6351,934,895,39
2023-12-19 00:00:00,2874,2066,808,11398,556,-185,741,2505,-3406,5911,921,859,62
2023-12-26 00:00:00,2514,1216,1298,12520,580,-164,744,3635,-1619,5254,911,781,130
2024-01-02 00:00:00,2043,872,1171,11817,753,57,696,3261,-1409,4670,900,727,173
2024-01-09 00:00:00,1752,536,1216,12882,1076,317,759,3327,-1093,4420,844,692,152
2024-01-16 00:00:00,1468,68,1400,13074,1305,620,685,3437,-848,4285,910,686,224
2024-01-23 00:00:00,1496,-32,1528,12468,1184,543,641,3528,-806,4334,892,689,203
2024-01-30 00:00:00,1422,128,1294,11906,1188,797,391,3071,-1927,4998,939,795,144
2024-02-06 00:00:00,2012,1123,889,12093,1351,879,472,2509,-3356,5865,852,759,93
2024-02-13 00:00:00,2102,1191,911,12731,1120,111,1009,3237,-2574,5811,796,679,117
2024-02-20 00:00:00,2242,1538,704,12368,1319,504,815,3281,-3184,6465,772,706,66
2024-02-27 00:00:00,2668,1816,852,12284,1204,323,881,3252,-2978,6230,754,663,91
2024-03-05 00:00:00,2481,1451,1030,11559,1143,255,888,2801,-2792,5593,586,525,61
2024-03-12 00:00:00,2600,1406,1194,11428,1114,142,972,2685,-2443,5128,667,551,116
2024-03-19 00:00:00,2578,1166,1412,11406,1141,139,1002,2616,-2360,4976,664,581,83
2024-03-26 00:00:00,2750,1320,1430,11418,1079,172,907,1904,-2936,4840,663,591,72
2024-04-02 00:00:00,2955,1520,1435,11402,1019,97,922,1760,-2983,4743,576,492,84
2024-04-09 00:00:00,2874,1421,1453,11442,981,39,942,1965,-2766,4731,650,557,93
2024-04-16 00:00:00,2834,1383,1451,11924,1308,340,968,1984,-3301,5285,579,579,0
2024-04-23 00:00:00,2750,1573,1177,10113,1288,463,825,1732,-3388,5120,614,614,0
2024-04-30 00:00:00,2605,1506,1099,10217,1592,764,828,1756,-3799,5555,606,606,0
2024-05-07 00:00:00,2619,1547,1072,10915,1632,870,762,1891,-4011,5902,585,585,0
2024-05-14 00:00:00,3158,2591,567,13509,2008,1466,542,1580,-6449,8029,715,715,0
2024-05-21 00:00:00,3634,3242,392,14545,1824,1409,415,1505,-7201,8706,932,932,0
2024-05-28 00:00:00,4020,3617,403,16017,2172,1680,492,1708,-7785,9493,966,966,0
2024-06-04 00:00:00,4011,3650,361,15699,1979,1416,563,1994,-7374,9368,1011,1011,0
2024-06-11 00:00:00,3438,3181,257,15155,1972,1270,702,2399,-6494,8893,961,961,0
2024-06-18 00:00:00,2806,2489,317,14986,1734,1059,675,2581,-5924,8505,982,982,0
2024-06-25 00:00:00,2714,2387,327,12443,1850,1339,511,1785,-6149,7934,967,967,0
2024-07-02 00:00:00,2730,2252,478,12753,1771,1307,464,2025,-5930,7955,864,864,0
2024-07-09 00:00:00,2906,2393,513,12755,1451,948,503,1645,-6168,7813,898,898,0
2024-07-16 00:00:00,3132,2580,552,12900,1640,1143,497,1457,-6397,7854,935,935,0
2024-07-23 00:00:00,3347,2725,622,12676,1550,1018,532,1551,-6062,7613,907,907,0
2024-07-30 00:00:00,3037,2489,548,12432,1199,713,486,1710,-5444,7154,754,754,0
2024-08-06 00:00:00,2698,2192,506,12368,1146,577,569,1607,-5293,6900,732,732,0
2024-08-13 00:00:00,2627,2156,471,12294,983,479,504,1669,-5176,6845,747,747,0
2024-08-20 00:00:00,3162,2700,462,11108,1196,655,541,1276,-5484,6760,792,792,0
2024-08-27 00:00:00,3535,3147,388,11851,1162,691,471,1257,-5976,7233,775,775,0
2024-09-03 00:00:00,3436,3043,393,11968,1176,744,432,1357,-6046,7403,815,815,0
2024-09-10 00:00:00,3804,3458,346,13280,1210,683,527,1330,-6591,7921,814,814,0
2024-09-17 00:00:00,3755,3419,336,12837,957,455,502,1334,-6235,7569,798,798,0
2024-09-24 00:00:00,3950,3680,270,12826,971,449,522,1336,-5986,7322,766,766,0
2024-10-01 00:00:00,3490,3320,170,13027,839,311,528,1961,-5301,7262,667,667,0
2024-10-08 00:00:00,3346,3131,215,13773,915,373,542,2164,-5466,7630,653,653,0
2024-10-15 00:00:00,3416,3257,159,14650,1069,528,541,2311,-6024,8335,658,658,0
2024-10-22 00:00:00,3565,3565,0,11997,894,433,461,1684,-5943,7627,601,601,0
2024-10-29 00:00:00,4233,4233,0,12539,1049,680,369,1583,-6781,8364,553,553,0
2024-11-05 00:00:00,3830,3830,0,12484,826,327,499,2149,-6047,8196,568,568,0
2024-11-12 00:00:00,3883,3883,0,12892,831,499,332,2196,-6412,8608,591,520,71
2024-11-19 00:00:00,4030,4030,0,13004,660,351,309,2320,-6473,8793,590,519,71
2024-11-26 00:00:00,4654,4654,0,14459,1069,787,282,1913,-7766,9679,595,464,131
2024-12-03 00:00:00,4738,4738,0,14766,1172,882,290,1941,-7924,9865,591,460,131
2024-12-10 00:00:00,4822,4822,0,14680,882,610,272,2021,-7635,9656,577,499,78
2024-12-17 00:00:00,5610,5530,80,17052,1255,982,273,2342,-8785,11127,574,493,81
2024-12-24 00:00:00,5868,5868,0,14594,1182,862,320,1972,-8858,10830,657,657,0
2024-12-31 00:00:00,5970,5970,0,13971,1202,802,400,1772,-8761,10533,625,625,0
2025-01-07 00:00:00,5934,5861,73,14343,1333,1020,313,1629,-9085,10714,650,650,0
2025-01-14 00:00:00,5895,5844,51,14351,910,460,450,2033,-8459,10492,686,686,0
2025-01-21 00:00:00,5520,5520,0,14266,1256,753,503,2139,-8324,10463,666,666,0
2025-01-28 00:00:00,5539,5484,55,14296,1366,829,537,2104,-8256,10360,670,670,0
2025-02-04 00:00:00,5331,5273,58,14679,1240,376,864,2851,-7285,10136,640,640,0
2025-02-11 00:00:00,4340,4148,192,16686,1576,714,862,4022,-6057,10079,560,560,0
2025-02-18 00:00:00,3650,3241,409,17108,1604,907,697,4491,-5103,9594,554,511,43
2025-02-25 00:00:00,3558,2622,936,16171,1752,872,880,4667,-4368,9035,528,292,236
2025-03-04 00:00:00,3215,2227,988,16189,1906,1203,703,4739,-4265,9004,498,155,343
2025-03-11 00:00:00,3148,2050,1098,16441,1943,1192,751,4976,-3786,8762,489,143,346
2025-03-18 00:00:00,2799,1526,1273,16577,1969,1206,763,4839,-3504,8343,488,61,427
2025-03-25 00:00:00,2700,1364,1336,15956,1988,1303,685,4771,-3521,8292,485,179,306
2025-04-01 00:00:00,2613,1320,1293,16053,2100,1861,239,4618,-3686,8304,485,274,211
2025-04-08 00:00:00,2609,1098,1511,16591,2081,1751,330,4822,-3359,8181,485,260,225
2025-04-15 00:00:00,2226,1086,1140,15541,2091,1776,315,4838,-3448,8286,484,357,127
2025-04-22 00:00:00,1908,990,918,12541,1870,1773,97,4166,-3331,7497,484,426,58
2025-04-29 00:00:00,1906,820,1086,12456,1903,1842,61,3986,-2839,6825,476,442,34
2025-05-06 00:00:00,1944,745,1199,12497,1912,1847,65,3699,-2764,6463,463,457,6
2025-05-13 00:00:00,1986,342,1644,12788,2168,1986,182,3732,-2477,6209,449,449,0
2025-05-20 00:00:00,1991,431,1560,12303,2321,2164,157,3245,-2749,5994,448,448,0
2025-05-27 00:00:00,1981,535,1446,12152,2170,2118,52,3273,-2868,6141,429,429,0
2025-06-03 00:00:00,1971,648,1323,12147,2039,1994,45,3272,-2970,6242,448,448,0
2025-06-10 00:00:00,1919,954,965,12492,2139,2044,95,3378,-3450,6828,669,669,0
2025-06-17 00:00:00,1816,627,1189,12980,2252,2179,73,3666,-3177,6843,526,526,0
2025-06-24 00:00:00,1686,5,1681,11354,2373,2225,148,3132,-2478,5610,564,564,0
2025-07-01 00:00:00,1717,-287,2004,11495,2680,2533,147,2998,-2421,5419,435,435,0
2025-07-08 00:00:00,1973,-152,2125,11068,2672,2560,112,2692,-2577,5269,392,392,0
2025-07-15 00:00:00,2107,917,1190,10686,1688,1610,78,3165,-2634,5799,428,428,0
2025-07-22 00:00:00,2037,1802,235,10567,1690,1620,70,2973,-4025,6998,557,557,0
2025-07-29 00:00:00,2326,2272,54,10395,1479,1267,212,2872,-3929,6801,527,527,0
2025-08-05 00:00:00,2357,2032,325,9937,1356,1261,95,2792,-3511,6303,427,427,0
2025-08-12 00:00:00,2527,1931,596,10280,1437,1213,224,2879,-3248,6127,349,349,0
2025-08-19 00:00:00,2368,1575,793,9354,1434,1189,245,2541,-3123,5664,392,392,0
2025-08-26 00:00:00,2273,1494,779,9352,1366,1231,135,2388,-3386,5774,443,443,0
2025-09-02 00:00:00,2256,1438,818,9505,1349,1252,97,2657,-3216,5873,460,460,0
2025-09-09 00:00:00,2319,1281,1038,9807,1349,1226,123,2737,-2977,5714,511,511,0
2025-09-16 00:00:00,2276,1355,921,9735,1283,1134,149,2735,-3178,5913,560,560,0
2025-09-23 00:00:00,2297,1366,931,9777,1181,1076,105,2765,-2717,5482,457,457,0
2025-09-30 00:00:00,2376,1274,1102,9730,1199,1121,78,2554,-2638,5192,437,437,0
2025-10-07 00:00:00,2154,721,1433,10500,1259,1019,240,3306,-1511,4817,332,317,15
2025-10-14 00:00:00,2129,-36,2165,11540,1522,1232,290,3865,-580,4445,326,246,80
2025-10-21 00:00:00,1947,-1039,2986,11144,1787,1452,335,3850,371,3479,328,99,229
2025-10-28 00:00:00,1839,-1670,3509,11284,1903,1387,516,3976,549,3427,338,114,224
2025-11-04 00:00:00,1837,-2125,3962,11970,2154,1664,490,4140,713,3427,317,35,282
2025-11-10 00:00:00,1742,-2415,4157,12711,2343,1940,403,4443,902,3541,310,33,277
2025-11-18 00:00:00,1688,-2930,4618,13013,2222,1853,369,4424,1172,3252,318,-5,323
2025-11-25 00:00:00,1685,-3652,5337,13509,2231,1839,392,4208,1460,2748,307,-104,411
2025-12-02 00:00:00,1556,-4015,5571,13883,2331,2023,308,4565,1750,2815,277,-77,354
2025-12-09 00:00:00,1663,-4224,5887,13982,2237,1908,329,4824,2030,2794,345,-16,361
2025-12-16 00:00:00,1863,-4344,6207,13575,1987,1773,214,4959,2222,2737,334,-70,404
2025-12-23 00:00:00,1617,-3267,4884,10981,2118,1995,123,4167,1200,2967,316,85,231
2025-12-30 00:00:00,1607,-2786,4393,10848,2019,1912,107,4191,919,3272,294,68,226
2026-01-06 00:00:00,1653,-2774,4427,11047,1988,1806,182,4054,789,3265,298,54,244
2026-01-13 00:00:00,1547,-1667,3214,10557,2059,2025,34,3362,-487,3849,302,115,187
2026-01-20 00:00:00,1660,-1516,3176,10369,2037,1988,49,3295,-616,3911,309,294,15
2026-01-27 00:00:00,1840,-788,2628,10164,2057,2013,44,2476,-1852,4328,363,363,0
2026-02-03 00:00:00,1699,-32,1731,10098,1955,1784,171,2280,-2351,4631,269,194,75
2026-02-10 00:00:00,1763,-398,2161,10762,1858,1498,360,2512,-1903,4415,310,182,128
2026-02-17 00:00:00,1739,-492,2231,9982,1783,1322,461,2572,-1351,3923,367,294,73
2026-02-24 00:00:00,1895,-194,2089,8772,1555,1380,175,2205,-1707,3912,430,252,178
2026-03-03 00:00:00,2124,118,2006,8992,1448,1227,221,2100,-1774,3874,387,264,123
2026-03-10 00:00:00,2348,337,2011,9030,1356,1212,144,2026,-2157,4183,346,233,113
2026-03-17 00:00:00,2691,898,1793,9033,1287,1250,37,1883,-2887,4770,337,270,67
2026-03-24 00:00:00,2505,578,1927,9529,1324,1129,195,2170,-2179,4349,444,228,216
2026-03-31 00:00:00,2496,726,1770,9122,1340,1120,220,2078,-2356,4434,441,340,101
2026-04-07 00:00:00,2495,1166,1329,9019,1491,1331,160,2028,-2997,5025,421,405,16
2026-04-14 00:00:00,2632,1658,974,8869,1757,1743,14,1502,-3865,5367,424,341,83
2026-04-21 00:00:00,2354,1168,1186,8091,1717,1689,28,1616,-2979,4595,477,335,142
2026-04-28 00:00:00,2305,613,1692,8571,1575,1199,376,1958,-2256,4214,556,439,117
2026-05-05 00:00:00,2246,603,1643,8322,1421,1073,348,1720,-2487,4207,549,545,4
2026-05-12 00:00:00,2787,1139,1648,8820,1433,1226,207,915,-3320,4235,573,573,0
2026-05-19 00:00:00,2533,500,2033,9050,1445,1021,424,2026,-1935,3961,609,598,11
2026-05-26 00:00:00,2352,348,2004,8680,1457,1135,322,1873,-1894,3767,679,679,0
2026-06-02 00:00:00,2260,110,2150,9055,1448,1061,387,1949,-1466,3415,657,657,0
2026-06-09 00:00:00,2408,440,1968,8965,1478,1087,391,1924,-1596,3520,611,563,48
2026-06-16 00:00:00,2089,180,1909,8857,1573,1185,388,1979,-1296,3275,620,399,221
2026-06-23 00:00:00,2352,98,2254,8707,1464,1106,358,1950,-1256,3206,651,524,127
