am_long,am_short,date,dealer_long,dealer_short,lev_long,lev_short,mm_long,mm_net,mm_short,oi,other_long,other_net,other_short,pm_long,pm_net,pm_short,sd_long,sd_net,sd_short
22886,98577,2006-06-13 00:00:00,322952,174840,56677,99632,79563,-118646,198209,646106,17347,-3969,21316,322952,148112,174840,56677,-42955,99632
24068,115348,2006-06-20 00:00:00,256930,124326,62342,103301,86410,-132239,218649,422954,13527,-6207,19734,256930,132604,124326,62342,-40959,103301
29552,125244,2006-06-27 00:00:00,264402,138639,57793,85783,87345,-123682,211027,428568,10549,-5606,16155,264402,125763,138639,57793,-27990,85783
34195,125066,2006-07-03 00:00:00,269335,142099,57946,86334,92141,-119259,211400,433982,6332,-9390,15722,269335,127236,142099,57946,-28388,86334
29989,124648,2006-07-11 00:00:00,267263,142328,56994,80665,86983,-118330,205313,426573,4487,-9877,14364,267263,124935,142328,56994,-23671,80665
26834,129477,2006-07-18 00:00:00,277834,151075,53975,76552,80809,-125220,206029,442058,7738,-7375,15113,277834,126759,151075,53975,-22577,76552
26152,131355,2006-07-25 00:00:00,273623,151772,57840,76324,83992,-123687,207679,453375,11708,-820,12528,273623,121851,151772,57840,-18484,76324
24508,129033,2006-08-01 00:00:00,274812,158991,57184,78737,81692,-126078,207770,459812,13881,1324,12557,274812,115821,158991,57184,-21553,78737
24436,126772,2006-08-08 00:00:00,278302,157544,55225,84831,79661,-131942,211603,464644,12463,-2983,15446,278302,120758,157544,55225,-29606,84831
25963,131241,2006-08-15 00:00:00,283844,159617,62531,89783,88494,-132530,221024,472493,9656,-5161,14817,283844,124227,159617,62531,-27252,89783
26507,130925,2006-08-22 00:00:00,286564,161286,67535,88558,94042,-125441,219483,473930,6551,-8247,14798,286564,125278,161286,67535,-21023,88558
29453,130411,2006-08-29 00:00:00,281896,152964,69779,93742,99232,-124921,224153,466862,7572,-10159,17731,281896,128932,152964,69779,-23963,93742
29442,125383,2006-09-05 00:00:00,266593,149153,73673,96966,103115,-119234,222349,464784,7409,-9322,16731,266593,117440,149153,73673,-23293,96966
31478,121091,2006-09-12 00:00:00,270541,146020,66255,100500,97733,-123858,221591,525769,8394,-7218,15612,270541,124521,146020,66255,-34245,100500
29922,119344,2006-09-19 00:00:00,253214,124005,47947,90514,77869,-131989,209858,406452,37,-20136,20173,253214,129209,124005,47947,-42567,90514
32848,119443,2006-09-26 00:00:00,253507,117267,54728,115461,87576,-147328,234904,424967,298,-18828,19126,253507,136240,117267,54728,-60733,115461
33216,121932,2006-10-03 00:00:00,256276,107881,50727,120124,83943,-158113,242056,428583,126,-20679,20805,256276,148395,107881,50727,-69397,120124
36254,120757,2006-10-10 00:00:00,261399,110735,57392,125394,93646,-152505,246151,433292,347,-18365,18712,261399,150664,110735,57392,-68002,125394
38629,107474,2006-10-17 00:00:00,242580,128406,53802,106911,92431,-121954,214385,426252,12,-23313,23325,242580,114174,128406,53802,-53109,106911
39754,100477,2006-10-24 00:00:00,220988,136224,64933,105623,104687,-101413,206100,419037,55,-21867,21922,220988,84764,136224,64933,-40690,105623
38751,96138,2006-10-31 00:00:00,217652,140580,72132,110374,110883,-95629,206512,424357,333,-22120,22453,217652,77072,140580,72132,-38242,110374
41473,97076,2006-11-07 00:00:00,222329,116208,59992,129102,101465,-124713,226178,415052,394,-21771,22165,222329,106121,116208,59992,-69110,129102
47138,97591,2006-11-14 00:00:00,222433,114287,66124,136650,113262,-120979,234241,424826,824,-23548,24372,222433,108146,114287,66124,-70526,136650
55277,94716,2006-11-21 00:00:00,205942,123160,63876,120324,119153,-95887,215040,415142,1015,-24597,25612,205942,82782,123160,63876,-56448,120324
54530,94612,2006-11-28 00:00:00,202194,109819,61325,124514,115855,-103271,219126,408211,1399,-27767,29166,202194,92375,109819,61325,-63189,124514
58528,96143,2006-12-05 00:00:00,206630,112342,63796,127131,122324,-100950,223274,438016,1039,-29026,30065,206630,94288,112342,63796,-63335,127131
60054,93498,2006-12-12 00:00:00,204225,108047,60546,129197,120600,-102095,222695,477420,698,-29364,30062,204225,96178,108047,60546,-68651,129197
56220,90208,2006-12-19 00:00:00,153478,91639,73521,108732,129741,-69199,198940,348845,2350,-9671,12021,153478,61839,91639,73521,-35211,108732
57441,90017,2006-12-26 00:00:00,156405,96581,75473,107336,132914,-64439,197353,355662,3459,-9662,13121,156405,59824,96581,75473,-31863,107336
58859,91203,2007-01-03 00:00:00,158499,92759,75429,111421,134288,-68336,202624,355683,2806,-11040,13846,158499,65740,92759,75429,-35992,111421
50981,94261,2007-01-09 00:00:00,162288,90808,73771,109976,124752,-79485,204237,360890,5584,-6902,12486,162288,71480,90808,73771,-36205,109976
47127,103620,2007-01-16 00:00:00,169431,96068,80159,107339,127286,-83673,210959,372680,4861,-8215,13076,169431,73363,96068,80159,-27180,107339
48177,107581,2007-01-23 00:00:00,180766,93830,76097,109915,124274,-93222,217496,373294,4860,-8292,13152,180766,86936,93830,76097,-33818,109915
46659,107869,2007-01-30 00:00:00,182672,89276,80584,111547,127243,-92173,219416,380202,2940,-12183,15123,182672,93396,89276,80584,-30963,111547
39105,107179,2007-02-06 00:00:00,183200,85994,92116,116777,131221,-92735,223956,390047,2059,-15451,17510,183200,97206,85994,92116,-24661,116777
39577,107062,2007-02-13 00:00:00,184857,88650,92815,114788,132392,-89458,221850,393212,337,-20143,20480,184857,96207,88650,92815,-21973,114788
38305,103633,2007-02-20 00:00:00,199674,80711,101973,139019,140278,-102374,242652,408966,752,-21327,22079,199674,118963,80711,101973,-37046,139019
40013,97528,2007-02-27 00:00:00,239240,109589,98825,158170,138838,-116860,255698,455793,2370,-18320,20690,239240,129651,109589,98825,-59345,158170
35393,105196,2007-03-06 00:00:00,276838,111481,83449,156016,118842,-142370,261212,501419,11985,-10105,22090,276838,165357,111481,83449,-72567,156016
40179,105282,2007-03-13 00:00:00,304089,125225,80035,168744,120214,-153812,274026,589716,13866,-10538,24404,304089,178864,125225,80035,-88709,168744
38993,102414,2007-03-20 00:00:00,230764,52040,73006,157081,111999,-147496,259495,415603,516,-27155,27671,230764,178724,52040,73006,-84075,157081
41434,100725,2007-03-27 00:00:00,226964,53892,82808,161987,124242,-138470,262712,427226,492,-31899,32391,226964,173072,53892,82808,-79179,161987
45813,104610,2007-04-03 00:00:00,228323,60895,86342,162159,132155,-134614,266769,432636,128,-30799,30927,228323,167428,60895,86342,-75817,162159
46243,107764,2007-04-10 00:00:00,230325,62589,91366,168167,137609,-138322,275931,441470,20,-30154,30174,230325,167736,62589,91366,-76801,168167
49158,108528,2007-04-17 00:00:00,237478,62271,98110,177555,147268,-138815,286083,462172,27,-34023,34050,237478,175207,62271,98110,-79445,177555
48193,115625,2007-04-24 00:00:00,243445,63119,99063,177797,147256,-146166,293422,469381,1168,-32383,33551,243445,180326,63119,99063,-78734,177797
44405,123227,2007-05-01 00:00:00,269371,69475,96826,186010,141231,-168006,309237,491343,1467,-29271,30738,269371,199896,69475,96826,-89184,186010
49481,124146,2007-05-08 00:00:00,287285,75348,94027,194956,143508,-175594,319102,511502,1352,-31402,32754,287285,211937,75348,94027,-100929,194956
47445,127175,2007-05-15 00:00:00,312032,90277,102105,205102,149550,-182727,332277,551933,1751,-31583,33334,312032,221755,90277,102105,-102997,205102
49203,129954,2007-05-22 00:00:00,324678,87042,115887,208509,165090,-173373,338463,582681,2111,-37031,39142,324678,237636,87042,115887,-92622,208509
48665,130063,2007-05-29 00:00:00,330558,87247,114979,223318,163644,-189737,353381,587612,1087,-40926,42013,330558,243311,87247,114979,-108339,223318
44844,132288,2007-06-05 00:00:00,333833,95533,128646,223509,173490,-182307,355797,625235,539,-43866,44405,333833,238300,95533,128646,-94863,223509
45270,141163,2007-06-12 00:00:00,336406,87627,117685,221563,162955,-199771,362726,736406,1307,-42868,44175,336406,248779,87627,117685,-103878,221563
40823,145464,2007-06-19 00:00:00,294372,72820,125823,205654,166646,-184472,351118,534833,2202,-29334,31536,294372,221552,72820,125823,-79831,205654
42519,149438,2007-06-26 00:00:00,286059,57191,125229,215759,167748,-197449,365197,541428,4516,-24524,29040,286059,228868,57191,125229,-90530,215759
40439,155432,2007-07-03 00:00:00,297777,63983,143604,222193,184043,-193582,377625,560044,5350,-27238,32588,297777,233794,63983,143604,-78589,222193
40608,157798,2007-07-10 00:00:00,312068,70598,147854,231360,188462,-200696,389158,580141,7469,-25389,32858,312068,241470,70598,147854,-83506,231360
41779,167638,2007-07-17 00:00:00,316801,70608,153010,236966,194789,-209815,404604,592114,9404,-23444,32848,316801,246193,70608,153010,-83956,236966
41568,172154,2007-07-24 00:00:00,342546,78263,152213,251912,193781,-230285,424066,627835,11567,-17888,29455,342546,264283,78263,152213,-99699,251912
39550,191519,2007-07-31 00:00:00,379035,83273,163583,262977,203133,-251363,454496,681023,7248,-21231,28479,379035,295762,83273,163583,-99394,262977
40916,191845,2007-08-07 00:00:00,392998,85318,170999,279176,211915,-259106,471021,707491,5851,-24675,30526,392998,307680,85318,170999,-108177,279176
36663,168246,2007-08-14 00:00:00,365536,91060,161847,258748,198510,-228484,426994,679175,1829,-18589,20418,365536,274476,91060,161847,-96901,258748
36226,150853,2007-08-21 00:00:00,330106,92815,139170,215639,175396,-191096,366492,602233,2902,-18757,21659,330106,237291,92815,139170,-76469,215639
40202,151657,2007-08-28 00:00:00,330962,97232,138366,215850,178568,-188939,367507,611787,3258,-20013,23271,330962,233730,97232,138366,-77484,215850
36610,151585,2007-09-04 00:00:00,334134,93745,138737,214199,175347,-190437,365784,616706,3484,-20494,23978,334134,240389,93745,138737,-75462,214199
37925,149367,2007-09-11 00:00:00,349537,99541,152626,240874,190551,-199690,390241,668522,9320,-14826,24146,349537,249996,99541,152626,-88248,240874
41170,139164,2007-09-18 00:00:00,352493,104542,159664,250822,200834,-189152,389986,742592,9337,-15537,24874,352493,247951,104542,159664,-91158,250822
43720,134391,2007-09-25 00:00:00,377961,77433,92807,232071,136527,-229935,366462,581039,287,-33125,33412,377961,300528,77433,92807,-139264,232071
44305,136259,2007-10-02 00:00:00,375510,77800,93315,218197,137620,-216836,354456,586095,823,-35408,36231,375510,297710,77800,93315,-124882,218197
46160,134413,2007-10-09 00:00:00,368980,74042,92324,219991,138484,-215920,354404,584501,788,-36099,36887,368980,294938,74042,92324,-127667,219991
50839,137035,2007-10-16 00:00:00,355323,70217,95680,218584,146519,-209100,355619,586088,604,-36426,37030,355323,285106,70217,95680,-122904,218584
51649,139016,2007-10-23 00:00:00,363778,68648,95672,220612,147321,-212307,359628,591304,1166,-34569,35735,363778,295130,68648,95672,-124940,220612
50632,143843,2007-10-30 00:00:00,375603,83764,96161,220592,146793,-217642,364435,594198,556,-32485,33041,375603,291839,83764,96161,-124431,220592
43880,162908,2007-11-06 00:00:00,402837,99427,108926,218574,152806,-228676,381482,630286,1010,-27954,28964,402837,303410,99427,108926,-109648,218574
40961,174849,2007-11-13 00:00:00,410873,106109,112394,204382,153355,-225876,379231,645194,7164,-19278,26442,410873,304764,106109,112394,-91988,204382
42902,200154,2007-11-20 00:00:00,415966,107457,122537,208178,165439,-242893,408332,660787,8434,-14016,22450,415966,308509,107457,122537,-85641,208178
40905,208791,2007-11-27 00:00:00,420415,110578,129957,201050,170862,-238979,409841,671522,9112,-13808,22920,420415,309837,110578,129957,-71093,201050
42995,212976,2007-12-04 00:00:00,417773,100938,133877,205267,176872,-241371,418243,672626,6671,-17385,24056,417773,316835,100938,133877,-71390,205267
44374,207857,2007-12-11 00:00:00,416729,106043,130760,207094,175134,-239817,414951,689698,5555,-15695,21250,416729,310686,106043,130760,-76334,207094
41039,184841,2007-12-18 00:00:00,422276,119287,128706,207345,169745,-222441,392186,845955,8771,-10114,18885,422276,302989,119287,128706,-78639,207345
43711,191939,2007-12-24 00:00:00,411757,65357,64473,204708,108184,-288463,396647,574762,720,-19122,19842,411757,346400,65357,64473,-140235,204708
42077,194717,2007-12-31 00:00:00,421128,63742,74317,216618,116394,-294941,411335,599969,814,-23348,24162,421128,357386,63742,74317,-142301,216618
42167,207115,2008-01-08 00:00:00,435131,65867,90172,233425,132339,-308201,440540,652915,3722,-21833,25555,435131,369264,65867,90172,-143253,233425
45383,223406,2008-01-15 00:00:00,437508,74739,100405,217605,145788,-295223,441011,674665,3162,-19052,22214,437508,362769,74739,100405,-117200,217605
45456,232907,2008-01-22 00:00:00,426226,80222,97397,206161,142853,-296215,439068,667534,2688,-22713,25401,426226,346004,80222,97397,-108764,206161
49364,205247,2008-01-29 00:00:00,407202,74971,89172,193576,138536,-260287,398823,635444,1208,-18960,20168,407202,332231,74971,89172,-104404,193576
57945,184239,2008-02-05 00:00:00,407833,76303,89662,214855,147607,-251487,399094,647881,1363,-21353,22716,407833,331530,76303,89662,-125193,214855
61440,188822,2008-02-12 00:00:00,411179,76082,96497,226535,157937,-257420,415357,665163,957,-22941,23898,411179,335097,76082,96497,-130038,226535
80769,200881,2008-02-19 00:00:00,407889,64249,98537,231574,179306,-253149,432455,668637,1198,-24426,25624,407889,343640,64249,98537,-133037,231574
86260,195182,2008-02-26 00:00:00,416613,65639,95912,249698,182172,-262708,444880,680070,1376,-25496,26872,416613,350974,65639,95912,-153786,249698
79771,195427,2008-03-04 00:00:00,431207,65414,109919,267041,189690,-272778,462468,712148,1682,-24915,26597,431207,365793,65414,109919,-157122,267041
57126,200104,2008-03-11 00:00:00,440748,67245,126044,260864,183170,-277798,460968,750389,3347,-24232,27579,440748,373503,67245,126044,-134820,260864
54712,196657,2008-03-18 00:00:00,439656,66911,108295,235363,163007,-269013,432020,900737,2555,-21909,24464,439656,372745,66911,108295,-127068,235363
53225,194540,2008-03-25 00:00:00,371125,60736,153120,246373,206345,-234568,440913,645134,3141,-21829,24970,371125,310389,60736,153120,-93253,246373
57659,193131,2008-04-01 00:00:00,362588,69697,157169,236263,214828,-214566,429394,652488,3457,-22292,25749,362588,292891,69697,157169,-79094,236263
63292,191640,2008-04-08 00:00:00,365024,79947,157914,235157,221206,-205591,426797,659699,1319,-24061,25380,365024,285077,79947,157914,-77243,235157
69648,203528,2008-04-15 00:00:00,360996,75142,163196,238290,232844,-208974,441818,670568,2204,-21823,24027,360996,285854,75142,163196,-75094,238290
66945,203265,2008-04-22 00:00:00,357763,70047,166014,234499,232959,-204805,437764,669299,1662,-22569,24231,357763,287716,70047,166014,-68485,234499
72238,199012,2008-04-29 00:00:00,360631,79230,165879,236653,238117,-197548,435665,682805,959,-23141,24100,360631,281401,79230,165879,-70774,236653
78984,195266,2008-05-06 00:00:00,354413,70946,164156,242567,243140,-194693,437833,689765,1229,-24463,25692,354413,283467,70946,164156,-78411,242567
85097,194806,2008-05-13 00:00:00,369426,78476,169029,259623,254126,-200303,454429,711678,1363,-22973,24336,369426,290950,78476,169029,-90594,259623
83745,195231,2008-05-20 00:00:00,380929,76504,168290,267875,252035,-211071,463106,721871,291,-24385,24676,380929,304425,76504,168290,-99585,267875
88012,202328,2008-05-27 00:00:00,381533,80001,170201,264840,258213,-208955,467168,735503,1737,-22784,24521,381533,301532,80001,170201,-94639,264840
92521,206625,2008-06-03 00:00:00,387797,77728,174168,273113,266689,-213049,479738,748891,513,-25686,26199,387797,310069,77728,174168,-98945,273113
96064,202728,2008-06-10 00:00:00,388222,82268,171421,273877,267485,-209120,476605,749616,373,-25194,25567,388222,305954,82268,171421,-102456,273877
85452,199801,2008-06-17 00:00:00,393668,71741,161040,275332,246492,-228641,475133,795329,440,-23964,24404,393668,321927,71741,161040,-114292,275332
80983,198154,2008-06-24 00:00:00,345669,60467,109932,238174,190915,-245413,436328,601745,930,-19088,20018,345669,285202,60467,109932,-128242,238174
74544,210159,2008-07-01 00:00:00,340533,65287,149605,253095,224149,-239105,463254,638865,3512,-14471,17983,340533,275246,65287,149605,-103490,253095
63216,220508,2008-07-08 00:00:00,354278,71203,174284,260515,237500,-243523,481023,656864,3372,-11342,14714,354278,283075,71203,174284,-86231,260515
58978,223738,2008-07-15 00:00:00,357559,74924,196307,270118,255285,-238571,493856,678789,3380,-11910,15290,357559,282635,74924,196307,-73811,270118
79190,186133,2008-07-22 00:00:00,337211,73876,162358,266023,241548,-210608,452156,635199,2108,-16525,18633,337211,263335,73876,162358,-103665,266023
92175,184481,2008-07-29 00:00:00,303055,79727,147147,251593,239322,-196752,436074,601485,2874,-14677,17551,303055,223328,79727,147147,-104446,251593
86994,180046,2008-08-05 00:00:00,293887,82854,145574,232509,232568,-179987,412555,587567,1915,-15642,17557,293887,211033,82854,145574,-86935,232509
91378,177341,2008-08-12 00:00:00,259335,118604,138010,187748,229388,-135701,365089,583035,2755,-17468,20223,259335,140731,118604,138010,-49738,187748
94267,182748,2008-08-19 00:00:00,274785,129089,137669,174491,231936,-125303,357239,578920,3254,-16946,20200,274785,145696,129089,137669,-36822,174491
91313,183255,2008-08-26 00:00:00,274456,131977,140298,171260,231611,-122904,354515,579517,2998,-17185,20183,274456,142479,131977,140298,-30962,171260
92096,181843,2008-09-02 00:00:00,267616,124721,136568,164286,228664,-117465,346129,572052,4375,-20046,24421,267616,142895,124721,136568,-27718,164286
85064,165250,2008-09-09 00:00:00,257838,128836,135252,155800,220316,-100734,321050,554679,3090,-20497,23587,257838,129002,128836,135252,-20548,155800
59131,158469,2008-09-16 00:00:00,261718,148731,119498,110348,178629,-90188,268817,506451,2385,-16287,18672,261718,112987,148731,119498,9150,110348
5025,0,2017-08-15 00:00:00,2871,6303,4619,4659,9644,4985,4659,15205,0,-943,943,2871,-3432,6303,4619,-40,4659
4700,0,2017-08-22 00:00:00,4502,7254,5070,5957,9770,3813,5957,18159,0,-659,659,4502,-2752,7254,5070,-887,5957
4769,0,2017-08-29 00:00:00,3913,8139,5077,5380,9846,4466,5380,20938,0,-684,684,3913,-4226,8139,5077,-303,5380
5171,0,2017-09-05 00:00:00,5161,10070,4627,3851,9798,5947,3851,39917,0,-1169,1169,5161,-4909,10070,4627,776,3851
86606,20684,2017-09-12 00:00:00,5029,137384,86101,25495,172707,126528,46179,812836,2675,536,2139,5029,-132355,137384,86101,60606,25495
213524,195373,2017-09-19 00:00:00,70673,113887,160517,146287,374041,32381,341660,528167,10529,4635,5894,70673,-43214,113887,160517,14230,146287
226997,187995,2017-09-26 00:00:00,60472,126910,166703,160783,393700,44922,348778,551503,19011,12924,6087,60472,-66438,126910,166703,5920,160783
240107,151838,2017-10-03 00:00:00,30793,156532,172135,157981,412242,102423,309819,543124,26146,19204,6942,30793,-125739,156532,172135,14154,157981
251946,148837,2017-10-10 00:00:00,21991,169949,176724,157994,428670,121839,306831,552048,28738,21200,7538,21991,-147958,169949,176724,18730,157994
262214,147939,2017-10-17 00:00:00,20049,186842,175037,153799,437251,135513,301738,564081,31771,24432,7339,20049,-166793,186842,175037,21238,153799
253387,147703,2017-10-24 00:00:00,20170,181329,170572,144884,423959,131372,292587,548305,29650,22289,7361,20170,-161159,181329,170572,25688,144884
250197,149444,2017-10-31 00:00:00,25298,179501,172381,144362,422578,128772,293806,548777,27875,20885,6990,25298,-154203,179501,172381,28019,144362
244088,154766,2017-11-07 00:00:00,35164,174667,174134,145564,418222,117892,300330,547432,20521,14426,6095,35164,-139503,174667,174134,28570,145564
244153,155299,2017-11-14 00:00:00,34345,182980,175407,138729,419560,125532,294028,547844,20013,13409,6604,34345,-148635,182980,175407,36678,138729
257474,153565,2017-11-21 00:00:00,34897,203917,175292,127058,432766,152143,280623,559043,19014,9623,9391,34897,-169020,203917,175292,48234,127058
257139,152887,2017-11-28 00:00:00,34355,214452,185199,127607,442338,161844,280494,573625,19280,9916,9364,34355,-180097,214452,185199,57592,127607
259834,191262,2017-12-05 00:00:00,36834,219139,201727,112531,461561,157768,303793,597819,18303,14900,3403,36834,-182305,219139,201727,89196,112531
256452,221517,2017-12-12 00:00:00,40253,196082,207681,111959,464133,130657,333476,684853,19606,17768,1838,40253,-155829,196082,207681,95722,111959
255088,217285,2017-12-19 00:00:00,34536,177154,201566,124676,456654,114693,341961,590117,19686,17307,2379,34536,-142618,177154,201566,76890,124676
255299,219148,2017-12-26 00:00:00,37095,176460,205657,129524,460956,112284,348672,593149,19524,17831,1693,37095,-139365,176460,205657,76133,129524
256997,219599,2018-01-02 00:00:00,38842,168818,202437,136268,459434,103567,355867,593300,18588,16347,2241,38842,-129976,168818,202437,66169,136268
259987,218641,2018-01-09 00:00:00,39732,160277,190944,133726,450931,98564,352367,582619,18324,14917,3407,39732,-120545,160277,190944,57218,133726
255015,216210,2018-01-16 00:00:00,40722,158140,180011,126794,435026,92022,343004,566053,18954,16616,2338,40722,-117418,158140,180011,53217,126794
252740,187470,2018-01-23 00:00:00,47832,165205,159122,127877,411862,96515,315347,549647,19233,16939,2294,47832,-117373,165205,159122,31245,127877
246211,188854,2018-01-30 00:00:00,41615,167794,167019,121869,413230,102507,310723,550424,19010,16551,2459,41615,-126179,167794,167019,45150,121869
221735,207722,2018-02-06 00:00:00,67244,148106,178474,129500,400209,62987,337222,563349,18525,15590,2935,67244,-80862,148106,178474,48974,129500
219854,213870,2018-02-13 00:00:00,89102,138638,153154,126243,373008,32895,340113,553683,16759,14391,2368,89102,-49536,138638,153154,26911,126243
218093,207536,2018-02-20 00:00:00,87590,141683,141088,113945,359181,37700,321481,536699,18114,14735,3379,87590,-54093,141683,141088,27143,113945
216583,205762,2018-02-27 00:00:00,79605,142313,149594,111413,366177,49002,317175,533201,18514,11414,7100,79605,-62708,142313,149594,38181,111413
211316,209994,2018-03-06 00:00:00,81630,132383,141647,103961,352963,39008,313955,526453,16922,8934,7988,81630,-50753,132383,141647,37686,103961
229138,202007,2018-03-13 00:00:00,69228,141633,140045,110204,369183,56972,312211,609507,16200,11852,4348,69228,-72405,141633,140045,29841,110204
233013,201452,2018-03-20 00:00:00,35960,122558,128570,94011,361583,66120,295463,489785,18307,15243,3064,35960,-86598,122558,128570,34559,94011
228535,201110,2018-03-27 00:00:00,39871,113484,126008,99583,354543,53850,300693,492355,19613,17129,2484,39871,-73613,113484,126008,26425,99583
226783,204229,2018-04-03 00:00:00,42848,116434,122194,91321,348977,53427,295550,491386,19529,18741,788,42848,-73586,116434,122194,30873,91321
231594,201071,2018-04-10 00:00:00,48639,117291,112513,92802,344107,50234,293873,492381,18292,17414,878,48639,-68652,117291,112513,19711,92802
234115,194258,2018-04-17 00:00:00,47841,128678,115587,91406,349702,64038,285664,498564,19567,17120,2447,47841,-80837,128678,115587,24181,91406
237755,194502,2018-04-24 00:00:00,46175,136836,127202,99073,364957,71382,293575,508581,18827,17418,1409,46175,-90661,136836,127202,28129,99073
232734,195107,2018-05-01 00:00:00,48040,137768,137336,103117,370070,71846,298224,512707,16860,14527,2333,48040,-89728,137768,137336,34219,103117
237704,190394,2018-05-08 00:00:00,45207,148742,139641,101206,377345,85745,291600,518854,15610,13065,2545,45207,-103535,148742,139641,38435,101206
228112,184773,2018-05-15 00:00:00,47575,154005,152889,106279,381001,89949,291052,521439,15900,11614,4286,47575,-106430,154005,152889,46610,106279
234755,184091,2018-05-22 00:00:00,43747,166172,168045,112474,402800,106235,296565,540853,15911,10258,5653,43747,-122425,166172,168045,55571,112474
237088,190016,2018-05-29 00:00:00,43087,169843,174212,114198,411300,107086,304214,554721,16235,10547,5688,43087,-126756,169843,174212,60014,114198
242961,190497,2018-06-05 00:00:00,46159,178354,174630,116670,417591,110424,307167,570551,19565,14734,4831,46159,-132195,178354,174630,57960,116670
238390,187505,2018-06-12 00:00:00,48817,177198,172320,117986,410710,105219,305491,643345,20395,16663,3732,48817,-128381,177198,172320,54334,117986
253453,185752,2018-06-19 00:00:00,38879,180972,169132,121007,422585,115826,306759,564169,22372,19984,2388,38879,-142093,180972,169132,48125,121007
243859,165420,2018-06-26 00:00:00,40378,175957,163474,136270,407333,105643,301690,557028,23014,21303,1711,40378,-135579,175957,163474,27204,136270
254770,162466,2018-07-03 00:00:00,44632,175557,160669,145792,415439,107181,308258,564786,18589,16275,2314,44632,-130925,175557,160669,14877,145792
271919,154106,2018-07-10 00:00:00,44308,183181,159907,161901,431826,115819,316007,580983,16619,14816,1803,44308,-138873,183181,159907,-1994,161901
264076,150360,2018-07-17 00:00:00,44807,182936,156343,156838,420419,113221,307198,573790,18046,16419,1627,44807,-138129,182936,156343,-495,156838
265836,144776,2018-07-24 00:00:00,46516,180850,146473,153157,412309,114376,297933,565945,17743,15611,2132,46516,-134334,180850,146473,-6684,153157
258227,137231,2018-07-31 00:00:00,48978,182310,147914,148044,406141,120866,285275,560454,17507,7076,10431,48978,-133332,182310,147914,-130,148044
256075,158085,2018-08-07 00:00:00,51423,170182,148308,140836,404383,105462,298921,554861,17128,6939,10189,51423,-118759,170182,148308,7472,140836
252661,160973,2018-08-14 00:00:00,50113,169326,151938,133464,404599,110162,294437,553040,17195,6444,10751,50113,-119213,169326,151938,18474,133464
258914,160412,2018-08-21 00:00:00,51571,168093,155852,144769,414766,109585,305181,560778,16766,1691,15075,51571,-116522,168093,155852,11083,144769
259079,156677,2018-08-28 00:00:00,49342,165869,157925,152011,417004,108316,308688,565113,17618,2656,14962,49342,-116527,165869,157925,5914,152011
284015,152750,2018-09-04 00:00:00,46718,163182,127759,151120,411774,107904,303870,553743,17680,2759,14921,46718,-116464,163182,127759,-23361,151120
314124,147340,2018-09-11 00:00:00,47474,165891,88651,155166,402775,100269,302506,553630,21234,9958,11276,47474,-118417,165891,88651,-66515,155166
312473,151278,2018-09-18 00:00:00,49596,157278,84425,158279,396898,87341,309557,652365,23102,12435,10667,49596,-107682,157278,84425,-73854,158279
312622,151123,2018-09-25 00:00:00,40521,151052,82705,147081,395327,97123,298204,533153,19372,8777,10595,40521,-110531,151052,82705,-64376,147081
295225,156999,2018-10-02 00:00:00,50108,128606,92578,165909,387803,64895,322908,536678,19312,7751,11561,50108,-78498,128606,92578,-73331,165909
262382,157894,2018-10-09 00:00:00,68018,126635,101192,161077,363574,44603,318971,532675,18692,6767,11925,68018,-58617,126635,101192,-59885,161077
239107,157937,2018-10-16 00:00:00,65531,98165,90206,152259,329313,19117,310196,506187,18817,7452,11365,65531,-32634,98165,90206,-62053,152259
228689,162919,2018-10-23 00:00:00,72691,81667,89915,158748,318604,-3063,321667,496593,18101,6709,11392,72691,-8976,81667,89915,-68833,158748
224253,177395,2018-10-30 00:00:00,72936,71298,95061,152242,319314,-10323,329637,492701,19225,5590,13635,72936,1638,71298,95061,-57181,152242
224630,170395,2018-11-06 00:00:00,75454,69223,92355,150786,316985,-4196,321181,481183,14158,-907,15065,75454,6231,69223,92355,-58431,150786
218253,172196,2018-11-13 00:00:00,73947,71313,87363,135883,305616,-2463,308079,473271,15800,-496,16296,73947,2634,71313,87363,-48520,135883
213608,179459,2018-11-20 00:00:00,76986,63508,91209,136056,304817,-10698,315515,479920,14170,-3132,17302,76986,13478,63508,91209,-44847,136056
205290,174064,2018-11-27 00:00:00,75726,73181,100583,135231,305873,-3422,309295,479067,16090,-1352,17442,75726,2545,73181,100583,-34648,135231
208648,175668,2018-12-04 00:00:00,81389,62715,96401,141574,305049,-12193,317242,481067,12950,-4861,17811,81389,18674,62715,96401,-45173,141574
205884,186902,2018-12-11 00:00:00,81592,64614,106036,138334,311920,-13316,325236,493517,11305,-6447,17752,81592,16978,64614,106036,-32298,138334
205657,179604,2018-12-18 00:00:00,82452,76263,123897,150717,329554,-767,330321,567240,16992,-581,17573,82452,6189,76263,123897,-26820,150717
204096,198012,2018-12-24 00:00:00,79651,66362,106978,125315,311074,-12253,323327,489589,17722,2830,14892,79651,13289,66362,106978,-18337,125315
200158,197594,2018-12-31 00:00:00,76091,55728,93243,123958,293401,-28151,321552,473663,22048,7372,14676,76091,20363,55728,93243,-30715,123958
211911,195633,2019-01-08 00:00:00,77188,52252,81159,128239,293070,-30802,323872,473851,19821,3804,16017,77188,24936,52252,81159,-47080,128239
216060,185671,2019-01-15 00:00:00,83173,55599,74049,132375,290109,-27937,318046,471288,19356,1700,17656,83173,27574,55599,74049,-58326,132375
215207,182016,2019-01-22 00:00:00,91501,55192,70682,134859,285889,-30986,316875,472210,16579,-2638,19217,91501,36309,55192,70682,-64177,134859
213683,183034,2019-01-29 00:00:00,99088,56149,78964,141056,292647,-31443,324090,482137,13440,-9920,23360,99088,42939,56149,78964,-62092,141056
228090,186615,2019-02-05 00:00:00,105783,66818,75408,138538,303498,-21655,325153,496862,10414,-13513,23927,105783,38965,66818,75408,-63130,138538
253833,231652,2019-02-12 00:00:00,102498,74037,57785,88175,311618,-8209,319827,501478,9088,-17767,26855,102498,28461,74037,57785,-30390,88175
256562,224190,2019-02-19 00:00:00,98927,80605,56027,81865,312589,6534,306055,498848,9258,-21892,31150,98927,18322,80605,56027,-25838,81865
257965,219444,2019-02-26 00:00:00,95324,95133,69108,82532,327073,25097,301976,514351,7885,-23984,31869,95324,191,95133,69108,-13424,82532
256955,222973,2019-03-05 00:00:00,101294,89474,71019,86184,327974,18817,309157,518068,5421,-30656,36077,101294,11820,89474,71019,-15165,86184
249482,227876,2019-03-12 00:00:00,100162,85805,65480,82252,314962,4834,310128,581023,6676,-24085,30761,100162,14357,85805,65480,-16772,82252
245417,222035,2019-03-19 00:00:00,67853,73775,66741,61226,312158,28897,283261,457675,6183,-24661,30844,67853,-5922,73775,66741,5515,61226
241897,216833,2019-03-26 00:00:00,72655,65568,65255,72961,307152,17358,289794,463296,7207,-25267,32474,72655,7087,65568,65255,-7706,72961
228277,215292,2019-04-02 00:00:00,74846,58584,58738,63076,287015,8647,278368,445240,7055,-24563,31618,74846,16262,58584,58738,-4338,63076
225657,195673,2019-04-09 00:00:00,70586,62825,53532,66405,279189,17111,262078,441149,7257,-26284,33541,70586,7761,62825,53532,-12873,66405
225518,193797,2019-04-16 00:00:00,68610,60197,54229,73200,279747,12750,266997,434372,7505,-23612,31117,68610,8413,60197,54229,-18971,73200
232070,192358,2019-04-23 00:00:00,65900,61619,45357,71565,277427,13504,263923,429701,7612,-21839,29451,65900,4281,61619,45357,-26208,71565
239149,194084,2019-04-30 00:00:00,60881,68209,49707,67679,288856,27093,261763,431913,7220,-22231,29451,60881,-7328,68209,49707,-17972,67679
240849,190211,2019-05-07 00:00:00,63962,73025,53129,73340,293978,30427,263551,439563,7046,-24349,31395,63962,-9063,73025,53129,-20211,73340
232058,193272,2019-05-14 00:00:00,62654,67670,50802,69778,282860,19810,263050,432043,10847,-18268,29115,62654,-5016,67670,50802,-18976,69778
234347,186364,2019-05-21 00:00:00,65438,68685,47927,73989,282274,21921,260353,432550,12074,-20436,32510,65438,-3247,68685,47927,-26062,73989
229589,187461,2019-05-28 00:00:00,64771,62091,53691,75104,283280,20715,262565,432078,10719,-23354,34073,64771,2680,62091,53691,-21413,75104
218405,188836,2019-06-04 00:00:00,65472,52665,52247,71531,270652,10285,260367,428540,10702,-21883,32585,65472,12807,52665,52247,-19284,71531
214700,196537,2019-06-11 00:00:00,69364,48171,51833,71609,266533,-1613,268146,431445,9925,-21874,31799,69364,21193,48171,51833,-19776,71609
217970,175499,2019-06-18 00:00:00,68404,47801,44567,73092,262537,13946,248591,478750,9360,-22687,32047,68404,20603,47801,44567,-28525,73092
212456,190277,2019-06-25 00:00:00,65314,41559,45964,77800,258420,-9657,268077,417005,12863,-16163,29026,65314,23755,41559,45964,-31836,77800
216922,198328,2019-07-02 00:00:00,79273,35190,41934,83909,258856,-23381,282237,419515,6944,-22637,29581,79273,44083,35190,41934,-41975,83909
220814,202494,2019-07-09 00:00:00,81752,37842,44688,84874,265502,-21866,287368,427377,6257,-23467,29724,81752,43910,37842,44688,-40186,84874
217014,203960,2019-07-16 00:00:00,83636,34450,47298,88901,264312,-28549,292861,430509,6358,-23233,29591,83636,49186,34450,47298,-41603,88901
221611,204595,2019-07-23 00:00:00,86671,36159,49454,95286,271065,-28816,299881,439350,6414,-23050,29464,86671,50512,36159,49454,-45832,95286
227132,202918,2019-07-30 00:00:00,81556,46715,52368,90489,279500,-13907,293407,444144,6443,-23082,29525,81556,34841,46715,52368,-38121,90489
217865,225541,2019-08-06 00:00:00,92878,38362,61072,83933,278937,-30537,309474,460356,9861,-22126,31987,92878,54516,38362,61072,-22861,83933
216072,230109,2019-08-13 00:00:00,96948,40426,53115,73482,269187,-34404,303591,455258,10017,-21634,31651,96948,56522,40426,53115,-20367,73482
213139,236573,2019-08-20 00:00:00,97970,37458,63222,76661,276361,-36873,313234,458080,10538,-20102,30640,97970,60512,37458,63222,-13439,76661
216395,245975,2019-08-27 00:00:00,107540,37966,65240,82076,281635,-46416,328051,476614,9147,-19690,28837,107540,69574,37966,65240,-16836,82076
211569,244051,2019-09-03 00:00:00,107383,34578,59577,82256,271146,-55161,326307,468929,11245,-17632,28877,107383,72805,34578,59577,-22679,82256
213457,240562,2019-09-10 00:00:00,106751,49149,54417,67473,267874,-40161,308035,471475,12292,-15050,27342,106751,57602,49149,54417,-13056,67473
234148,211918,2019-09-17 00:00:00,83185,78070,58883,73266,293031,7847,285184,522134,12267,-14860,27127,83185,5115,78070,58883,-14383,73266
235627,210641,2019-09-24 00:00:00,60535,62844,63830,75050,299457,13766,285691,448110,11612,-14582,26194,60535,-2309,62844,63830,-11220,75050
226584,217834,2019-10-01 00:00:00,65469,65767,65302,64184,291886,9868,282018,449727,11223,-14701,25924,65469,-298,65767,65302,1118,64184
222564,224032,2019-10-08 00:00:00,72485,55606,58371,63367,280935,-6464,287399,449838,13986,-11417,25403,72485,16879,55606,58371,-4996,63367
233787,219394,2019-10-15 00:00:00,66181,63228,58617,62096,292404,10914,281490,453600,12081,-15686,27767,66181,2953,63228,58617,-3479,62096
241066,219024,2019-10-22 00:00:00,61661,69332,61811,61304,302877,22549,280328,452582,10876,-16879,27755,61661,-7671,69332,61811,507,61304
238346,212662,2019-10-29 00:00:00,58126,76026,66568,60166,304914,32086,272828,455076,10666,-19882,30548,58126,-17900,76026,66568,6402,60166
247910,212855,2019-11-05 00:00:00,60733,90212,69691,62374,317601,42372,275229,469133,10183,-19410,29593,60733,-29479,90212,69691,7317,62374
255420,202404,2019-11-12 00:00:00,60815,109736,68493,61333,323913,60176,263737,477923,9503,-18865,28368,60815,-48921,109736,68493,7160,61333
262467,196322,2019-11-19 00:00:00,60695,114579,64448,64126,326915,66467,260448,481084,10181,-18395,28576,60695,-53884,114579,64448,322,64126
263293,187573,2019-11-26 00:00:00,60586,124768,71614,66778,334907,80556,254351,491669,8783,-21969,30752,60586,-64182,124768,71614,4836,66778
258323,188524,2019-12-03 00:00:00,63011,116939,65580,58640,323903,76739,247164,486027,8072,-24334,32406,63011,-53928,116939,65580,6940,58640
266797,171604,2019-12-10 00:00:00,61296,136032,68190,68311,334987,95072,239915,509470,8939,-22654,31593,61296,-74736,136032,68190,-121,68311
280594,155588,2019-12-17 00:00:00,62382,147905,70200,78059,350794,117147,233647,550976,9291,-22470,31761,62382,-85523,147905,70200,-7859,78059
264882,163321,2019-12-24 00:00:00,53773,146601,72688,71094,337570,103155,234415,482703,10519,-18690,29209,53773,-92828,146601,72688,1594,71094
265493,161204,2019-12-31 00:00:00,51378,152649,76271,70597,341764,109963,231801,490318,8891,-19892,28783,51378,-101271,152649,76271,5674,70597
269210,156099,2020-01-07 00:00:00,47609,145168,78707,82088,347917,109730,238187,491774,9175,-21228,30403,47609,-97559,145168,78707,-3381,82088
280562,157073,2020-01-14 00:00:00,39961,142027,81610,90990,362172,114109,248063,500418,9649,-22567,32216,39961,-102066,142027,81610,-9380,90990
289948,163348,2020-01-21 00:00:00,41019,149557,88499,93874,378447,121225,257222,511001,8916,-21877,30793,41019,-108538,149557,88499,-5375,93874
288635,165417,2020-01-28 00:00:00,42013,150048,82087,84722,370722,120583,250139,507440,8759,-22424,31183,42013,-108035,150048,82087,-2635,84722
292228,163325,2020-02-04 00:00:00,49125,148416,68768,82940,360996,114731,246265,502150,7976,-21464,29440,49125,-99291,148416,68768,-14172,82940
283179,160186,2020-02-11 00:00:00,53191,149410,68742,82353,351921,109382,242539,492115,8074,-20934,29008,53191,-96219,149410,68742,-13611,82353
281166,157326,2020-02-18 00:00:00,53894,154728,72794,82253,353960,114381,239579,492375,8333,-20517,28850,53894,-100834,154728,72794,-9459,82253
261692,173145,2020-02-25 00:00:00,56626,138681,79431,72850,341123,95128,245995,487789,8090,-20244,28334,56626,-82055,138681,79431,6581,72850
235649,194730,2020-03-03 00:00:00,48608,101770,87271,73511,322920,54679,268241,482865,14095,-6319,20414,48608,-53162,101770,87271,13760,73511
215471,235875,2020-03-10 00:00:00,63129,72264,112075,79492,327546,12179,315367,522286,18512,847,17665,63129,-9135,72264,112075,32583,79492
214618,266987,2020-03-17 00:00:00,95537,68754,122372,97530,336990,-27527,364517,647729,19229,-1565,20794,95537,26783,68754,122372,24842,97530
220633,243798,2020-03-24 00:00:00,88287,75985,109530,87384,330163,-1019,331182,553511,19740,-10113,29853,88287,12302,75985,109530,22146,87384
238073,240368,2020-03-31 00:00:00,88424,68155,88882,92967,326955,-6380,333335,550180,19854,-12594,32448,88424,20269,68155,88882,-4085,92967
231905,267044,2020-04-07 00:00:00,124249,69014,87539,87966,319444,-35566,355010,574853,20155,-17267,37422,124249,55235,69014,87539,-427,87966
233561,240539,2020-04-14 00:00:00,121621,71251,61168,83389,294729,-29199,323928,544432,19666,-17103,36769,121621,50370,71251,61168,-22221,83389
231537,253991,2020-04-21 00:00:00,141316,65080,72471,104187,304008,-54170,358178,563861,20424,-15797,36221,141316,76236,65080,72471,-31716,104187
227087,238314,2020-04-28 00:00:00,143650,60051,61699,105776,288786,-55304,344090,541367,19514,-22162,41676,143650,83599,60051,61699,-44077,105776
212113,243490,2020-05-05 00:00:00,140416,54878,66759,91952,278872,-56570,335442,528109,19068,-23995,43063,140416,85538,54878,66759,-25193,91952
226330,245718,2020-05-12 00:00:00,147217,54084,67140,106245,293470,-58493,351963,537097,14821,-28217,43038,147217,93133,54084,67140,-39105,106245
240293,260303,2020-05-19 00:00:00,137728,40285,83322,122285,323615,-58973,382588,561724,12083,-33339,45422,137728,97443,40285,83322,-38963,122285
248036,257112,2020-05-26 00:00:00,131322,40172,96626,134586,344662,-47036,391698,573475,12962,-38234,51196,131322,91150,40172,96626,-37960,134586
264044,240710,2020-06-02 00:00:00,130658,50957,86730,144932,350774,-34868,385642,580199,13008,-39684,52692,130658,79701,50957,86730,-58202,144932
271258,224364,2020-06-09 00:00:00,124882,54628,87973,157934,359231,-23067,382298,589423,9058,-46794,55852,124882,70254,54628,87973,-69961,157934
257103,229625,2020-06-16 00:00:00,117392,44969,83274,134099,340377,-23347,363724,630506,13014,-48386,61400,117392,72423,44969,83274,-50825,134099
260447,219303,2020-06-23 00:00:00,65452,46768,98873,110303,359320,29714,329606,529534,12892,-47392,60284,65452,18684,46768,98873,-11430,110303
259862,224553,2020-06-30 00:00:00,81347,43011,87910,113967,347772,9252,338520,543789,14702,-47808,62510,81347,38336,43011,87910,-26057,113967
261426,225395,2020-07-07 00:00:00,94716,41655,79084,115681,340510,-566,341076,536676,10548,-52678,63226,94716,53061,41655,79084,-36597,115681
233004,224422,2020-07-14 00:00:00,108518,39428,75191,99706,308195,-15933,324128,519916,11338,-51703,63041,108518,69090,39428,75191,-24515,99706
236838,219370,2020-07-21 00:00:00,106363,52195,70080,87844,306918,-296,307214,514220,10743,-52508,63251,106363,54168,52195,70080,-17764,87844
231324,218284,2020-07-28 00:00:00,98734,48395,74088,80466,305412,6662,298750,502183,10746,-53855,64601,98734,50339,48395,74088,-6378,80466
240620,218141,2020-08-04 00:00:00,105924,44395,76559,100205,317179,-1167,318346,514983,8059,-57455,65514,105924,61529,44395,76559,-23646,100205
256299,209849,2020-08-11 00:00:00,87254,52170,73941,96750,330240,23641,306599,510303,7825,-57227,65052,87254,35084,52170,73941,-22809,96750
263681,203123,2020-08-18 00:00:00,76196,54465,73269,96129,336950,37698,299252,509501,8061,-58614,66675,76196,21731,54465,73269,-22860,96129
259486,199352,2020-08-25 00:00:00,77060,60570,78131,98905,337617,39360,298257,512065,7872,-57823,65695,77060,16490,60570,78131,-20774,98905
250908,188420,2020-09-01 00:00:00,73094,50823,80403,108635,331311,34256,297055,507303,8105,-60384,68489,73094,22271,50823,80403,-28232,108635
246390,198222,2020-09-08 00:00:00,80232,50748,79179,99110,325569,28237,297332,509276,9582,-59100,68682,80232,29484,50748,79179,-19931,99110
254760,208683,2020-09-15 00:00:00,80375,48936,73447,87202,328207,32322,295885,576056,7850,-62651,70501,80375,31439,48936,73447,-13755,87202
252833,228232,2020-09-22 00:00:00,96364,54573,67376,79645,320209,12332,307877,510832,8861,-57010,65871,96364,41791,54573,67376,-12269,79645
251061,229246,2020-09-29 00:00:00,94570,38755,66150,84816,317211,3149,314062,501551,6677,-60351,67028,94570,55815,38755,66150,-18666,84816
266386,214479,2020-10-06 00:00:00,87523,53394,64546,91865,330932,24588,306344,520477,6739,-60177,66916,87523,34129,53394,64546,-27319,91865
283095,209113,2020-10-13 00:00:00,86296,73228,76335,105707,359430,44610,314820,546941,7047,-60746,67793,86296,13068,73228,76335,-29372,105707
295708,209654,2020-10-20 00:00:00,84402,85923,75511,106906,371219,54659,316560,551361,7277,-59904,67181,84402,-1521,85923,75511,-31395,106906
294548,209119,2020-10-27 00:00:00,83335,84790,67607,108295,362155,44741,317414,546091,14934,-49392,64326,83335,-1455,84790,67607,-40688,108295
271558,215535,2020-11-03 00:00:00,90004,72341,76395,107192,347953,25226,322727,536634,11087,-51555,62642,90004,17663,72341,76395,-30797,107192
279132,204767,2020-11-10 00:00:00,82966,91150,70433,95663,349565,49135,300430,538731,9024,-54005,63029,82966,-8184,91150,70433,-25230,95663
307180,195313,2020-11-17 00:00:00,74654,92021,76105,124412,383285,63560,319725,563893,9427,-53575,63002,74654,-17367,92021,76105,-48307,124412
310137,193952,2020-11-24 00:00:00,73915,91161,78461,136495,388598,58151,330447,573883,9450,-48461,57911,73915,-17246,91161,78461,-58034,136495
288894,191640,2020-12-01 00:00:00,85021,96740,81510,127341,370404,51423,318981,566276,7884,-51323,59207,85021,-11719,96740,81510,-45831,127341
288453,181756,2020-12-08 00:00:00,98266,99900,73256,139659,361709,40294,321415,572754,10156,-46605,56761,98266,-1634,99900,73256,-66403,139659
277079,172530,2020-12-15 00:00:00,104416,110668,76275,133530,353354,47294,306060,647624,8945,-48920,57865,104416,-6252,110668,76275,-57255,133530
279343,169471,2020-12-21 00:00:00,77065,119922,71438,96190,350781,85120,265661,531281,9964,-49399,59363,77065,-42857,119922,71438,-24752,96190
271965,172680,2020-12-29 00:00:00,81077,113310,71690,110098,343655,60877,282778,539480,7749,-52710,60459,81077,-32233,113310,71690,-38408,110098
272921,163161,2021-01-05 00:00:00,72786,112576,74877,116556,347798,68081,279717,532906,13403,-44026,57429,72786,-39790,112576,74877,-41679,116556
294253,157052,2021-01-12 00:00:00,80383,120450,74748,130210,369001,81739,287262,561890,10242,-54051,64293,80383,-40067,120450,74748,-55462,130210
270571,151411,2021-01-19 00:00:00,102828,119491,77924,137354,348495,59730,288765,564139,11507,-54864,66371,102828,-16663,119491,77924,-59430,137354
259010,151756,2021-01-26 00:00:00,114517,112501,77534,140329,336544,44459,292085,568210,14856,-56159,71015,114517,2016,112501,77534,-62795,140329
235792,147701,2021-02-02 00:00:00,132031,103178,79709,149119,315501,18681,296820,567444,14971,-57546,72517,132031,28853,103178,79709,-69410,149119
248178,137385,2021-02-09 00:00:00,139720,106449,80141,168371,328319,22563,305756,584219,9211,-62453,71664,139720,33271,106449,80141,-88230,168371
246713,142348,2021-02-16 00:00:00,145175,99275,74044,174890,320757,3519,317238,584574,8661,-57256,65917,145175,45900,99275,74044,-100846,174890
249837,136467,2021-02-23 00:00:00,144673,105425,78590,179665,328427,12295,316132,585467,7218,-60706,67924,144673,39248,105425,78590,-101075,179665
246886,133500,2021-03-02 00:00:00,152496,102458,69039,177130,315925,5295,310630,579078,8042,-65005,73047,152496,50038,102458,69039,-108091,177130
242940,128155,2021-03-09 00:00:00,140644,109109,71518,164775,314458,21528,292930,564834,10427,-63917,74344,140644,31535,109109,71518,-93257,164775
248707,121975,2021-03-16 00:00:00,130460,105450,66183,166573,314890,26342,288548,630589,10577,-59906,70483,130460,25010,105450,66183,-100390,166573
252362,122602,2021-03-23 00:00:00,95548,131895,56950,102260,309312,84450,224862,500961,10268,-58931,69199,95548,-36347,131895,56950,-45310,102260
231971,123004,2021-03-30 00:00:00,97113,130396,56346,88170,288317,77143,211174,481254,9001,-55531,64532,97113,-33283,130396,56346,-31824,88170
240399,124633,2021-04-06 00:00:00,92366,135934,54752,91403,295151,79115,216036,481263,8685,-48932,57617,92366,-43568,135934,54752,-36651,91403
229033,126739,2021-04-13 00:00:00,94315,131713,55264,92831,284297,64727,219570,469529,8137,-38176,46313,94315,-37398,131713,55264,-37567,92831
225975,128697,2021-04-20 00:00:00,100946,126510,49098,93704,275073,52672,222401,469152,8257,-37068,45325,100946,-25564,126510,49098,-44606,93704
226877,119403,2021-04-27 00:00:00,95195,117921,35359,91435,262236,51398,210838,450828,8739,-38222,46961,95195,-22726,117921,35359,-56076,91435
221515,126394,2021-05-04 00:00:00,108016,111210,35987,95798,257502,35310,222192,457981,7888,-39046,46934,108016,-3194,111210,35987,-59811,95798
215068,129821,2021-05-11 00:00:00,110831,103498,37338,98713,252406,23872,228534,460536,8734,-39058,47792,110831,7333,103498,37338,-61375,98713
213210,153538,2021-05-18 00:00:00,116270,93359,40328,89181,253538,10819,242719,470107,6925,-41748,48673,116270,22911,93359,40328,-48853,89181
210687,158720,2021-05-25 00:00:00,117226,92133,39818,87273,250505,4512,245993,460473,7683,-38430,46113,117226,25093,92133,39818,-47455,87273
222470,155915,2021-06-01 00:00:00,113752,89561,41735,94768,264205,13522,250683,465599,8183,-43144,51327,113752,24191,89561,41735,-53033,94768
225051,154497,2021-06-08 00:00:00,119675,93435,39980,97392,265031,13142,251889,472722,5862,-45297,51159,119675,26240,93435,39980,-57412,97392
216159,150704,2021-06-15 00:00:00,113749,83466,39049,94463,255208,10041,245167,505299,5622,-45917,51539,113749,30283,83466,39049,-55414,94463
214453,149218,2021-06-22 00:00:00,85346,62358,39185,84915,253638,19505,234133,420861,5185,-47383,52568,85346,22988,62358,39185,-45730,84915
214943,150367,2021-06-29 00:00:00,88352,62021,36103,89152,251046,11527,239519,426985,6335,-44403,50738,88352,26331,62021,36103,-53049,89152
210724,154533,2021-07-06 00:00:00,90940,55018,37400,88936,248124,4655,243469,425806,4432,-48236,52668,90940,35922,55018,37400,-51536,88936
201079,156493,2021-07-13 00:00:00,96310,47572,38133,87470,239212,-4751,243963,429338,3736,-51231,54967,96310,48738,47572,38133,-49337,87470
200761,183224,2021-07-20 00:00:00,113765,39796,55826,105171,256587,-31808,288395,462556,3902,-49821,53723,113765,73969,39796,55826,-49345,105171
206521,182692,2021-07-27 00:00:00,119930,37510,48204,118444,254725,-46411,301136,467076,6272,-41239,47511,119930,82420,37510,48204,-70240,118444
204737,175741,2021-08-03 00:00:00,120598,39918,45206,119619,249943,-45417,295360,462166,5657,-41673,47330,120598,80680,39918,45206,-74413,119619
206347,173277,2021-08-10 00:00:00,120056,42945,47457,122016,253804,-41489,295293,464118,5620,-40418,46038,120056,77111,42945,47457,-74559,122016
199932,167567,2021-08-17 00:00:00,118624,42009,53287,128061,253219,-42409,295628,464741,6638,-38738,45376,118624,76615,42009,53287,-74774,128061
194290,160575,2021-08-24 00:00:00,128929,39998,47273,132878,241563,-51890,293453,461148,3799,-42430,46229,128929,88931,39998,47273,-85605,132878
198953,155697,2021-08-31 00:00:00,124013,46049,46748,130127,245701,-40123,285824,463052,4210,-44402,48612,124013,77964,46049,46748,-83379,130127
199762,151311,2021-09-07 00:00:00,121363,49262,41145,130093,240907,-40497,281404,462408,6599,-40581,47180,121363,72101,49262,41145,-88948,130093
199329,165157,2021-09-14 00:00:00,128010,47593,46730,126583,246059,-45681,291740,494843,6037,-42312,48349,128010,80417,47593,46730,-79853,126583
201504,178536,2021-09-21 00:00:00,108801,22014,41144,114062,242648,-49950,292598,442235,2993,-44240,47233,108801,86787,22014,41144,-72918,114062
206366,169372,2021-09-28 00:00:00,98876,31376,42845,113477,249211,-33638,282849,443206,3495,-42082,45577,98876,67500,31376,42845,-70632,113477
209877,175474,2021-10-05 00:00:00,99023,32622,45804,119289,255681,-39082,294763,455850,8084,-37132,45216,99023,66401,32622,45804,-73485,119289
208111,182560,2021-10-12 00:00:00,102527,38002,47614,116347,255725,-43182,298907,462015,11588,-32770,44358,102527,64525,38002,47614,-68733,116347
209016,176800,2021-10-19 00:00:00,107872,47219,51078,120505,260094,-37211,297305,467054,4497,-37008,41505,107872,60653,47219,51078,-69427,120505
209596,170057,2021-10-26 00:00:00,107316,60065,55060,118719,264656,-24120,288776,471534,5149,-36729,41878,107316,47251,60065,55060,-63659,118719
213440,164088,2021-11-02 00:00:00,94445,65349,56164,112680,269604,-7164,276768,469198,4946,-37646,42592,94445,29096,65349,56164,-56516,112680
224287,143619,2021-11-09 00:00:00,85760,99895,56158,102132,280445,34694,245751,484918,6283,-37700,43983,85760,-14135,99895,56158,-45974,102132
229998,140888,2021-11-16 00:00:00,86507,113878,55258,100009,285256,44359,240897,487638,6013,-37648,43661,86507,-27371,113878,55258,-44751,100009
233316,147947,2021-11-23 00:00:00,87746,113135,51083,95120,284399,41332,243067,488402,6648,-37735,44383,87746,-25389,113135,51083,-44037,95120
209583,165187,2021-11-30 00:00:00,95884,80966,54206,93806,263789,4796,258993,482305,6621,-38777,45398,95884,14918,80966,54206,-39600,93806
206213,165001,2021-12-07 00:00:00,94995,85271,47019,81623,253232,6608,246624,478092,14207,-30669,44876,94995,9724,85271,47019,-34604,81623
196227,155634,2021-12-14 00:00:00,99425,75408,56009,102912,252236,-6310,258546,549733,15103,-28783,43886,99425,24017,75408,56009,-46903,102912
198408,164836,2021-12-21 00:00:00,95354,85152,65232,93220,263640,5584,258056,475124,14530,-27357,41887,95354,10202,85152,65232,-27988,93220
202083,153781,2021-12-28 00:00:00,97897,98510,63320,92205,265403,19417,245986,474950,12729,-32316,45045,97897,-613,98510,63320,-28885,92205
209466,134844,2022-01-04 00:00:00,93400,107678,59143,97837,268609,35928,232681,466222,5442,-34212,39654,93400,-14278,107678,59143,-38694,97837
199927,145441,2022-01-11 00:00:00,88840,99730,70751,97693,270678,27544,243134,471031,11173,-27488,38661,88840,-10890,99730,70751,-26942,97693
192123,160051,2022-01-18 00:00:00,94663,82204,80118,109555,272241,2635,269606,484155,11726,-25632,37358,94663,12459,82204,80118,-29437,109555
192167,190489,2022-01-25 00:00:00,92985,84556,91345,87837,283512,5186,278326,497609,10616,-21322,31938,92985,8429,84556,91345,3508,87837
196637,189750,2022-02-01 00:00:00,102589,54531,83179,107131,279816,-17065,296881,496371,6258,-34251,40509,102589,48058,54531,83179,-23952,107131
191729,198299,2022-02-08 00:00:00,120888,40937,83946,125688,275675,-48312,323987,515735,8382,-33353,41735,120888,79951,40937,83946,-41742,125688
195655,199535,2022-02-15 00:00:00,138889,40835,61915,116023,257570,-57988,315558,513782,6189,-39898,46087,138889,98054,40835,61915,-54108,116023
197815,208198,2022-02-22 00:00:00,139224,49417,72164,118509,269979,-56728,326707,526025,10194,-32993,43187,139224,89807,49417,72164,-46345,118509
188067,226933,2022-03-01 00:00:00,160488,41841,67909,115372,255976,-86329,342305,526598,9660,-28058,37718,160488,118647,41841,67909,-47463,115372
183899,237119,2022-03-08 00:00:00,163067,44575,73171,111826,257070,-91875,348945,543388,16218,-21369,37587,163067,118492,44575,73171,-38655,111826
188360,244876,2022-03-15 00:00:00,172450,42935,74297,121836,262657,-104055,366712,599880,15655,-20856,36511,172450,129515,42935,74297,-47539,121836
184343,217488,2022-03-22 00:00:00,165027,12729,42452,132461,226795,-123154,349949,495389,12060,-27359,39419,165027,152298,12729,42452,-90009,132461
183382,203839,2022-03-29 00:00:00,164926,9522,33428,132309,216810,-119338,336148,484301,8630,-33953,42583,164926,155404,9522,33428,-98881,132309
179717,200331,2022-04-05 00:00:00,161276,8179,36204,131516,215921,-115926,331847,482091,8508,-36582,45090,161276,153097,8179,36204,-95312,131516
185724,213541,2022-04-12 00:00:00,153585,9236,37443,116713,223167,-107087,330254,483323,8816,-35713,44529,153585,144349,9236,37443,-79270,116713
182588,204942,2022-04-19 00:00:00,152300,10173,29934,116185,212522,-108605,321127,473720,11836,-31598,43434,152300,142127,10173,29934,-86251,116185
172832,230061,2022-04-26 00:00:00,180094,10682,42452,115717,215284,-130494,345778,503335,8803,-34680,43483,180094,169412,10682,42452,-73265,115717
146537,241859,2022-05-03 00:00:00,203068,10618,46635,114634,193172,-163321,356493,512352,16871,-26056,42927,203068,192450,10618,46635,-67999,114634
142206,263723,2022-05-10 00:00:00,226026,11946,59062,116822,201268,-179277,380545,548257,15550,-30095,45645,226026,214080,11946,59062,-57760,116822
144705,264298,2022-05-17 00:00:00,220681,13545,54771,120281,199476,-185103,384579,551197,22545,-17735,40280,220681,207136,13545,54771,-65510,120281
146297,266277,2022-05-24 00:00:00,230935,24389,49828,122093,196125,-192245,388370,556096,27034,-11976,39010,230935,206546,24389,49828,-72265,122093
148764,264008,2022-05-31 00:00:00,245081,22281,39099,131770,187863,-207915,395778,557766,24177,-11698,35875,245081,222800,22281,39099,-92671,131770
159131,257866,2022-06-07 00:00:00,241161,25453,35950,134375,195081,-197160,392241,570089,22312,-14296,36608,241161,215708,25453,35950,-98425,134375
154927,274641,2022-06-14 00:00:00,249768,27598,52059,138439,206986,-206094,413080,659301,21459,-22274,43733,249768,222170,27598,52059,-86380,138439
151642,282881,2022-06-21 00:00:00,238863,27528,74185,136199,225827,-193253,419080,584934,24735,-15930,40665,238863,211335,27528,74185,-62014,136199
150371,274850,2022-06-28 00:00:00,245527,28532,77523,145101,227894,-192057,419951,585584,15579,-19546,35125,245527,216995,28532,77523,-67578,145101
165817,278275,2022-07-05 00:00:00,246160,25554,73504,158708,239321,-197662,436983,600763,17295,-17963,35258,246160,220606,25554,73504,-85204,158708
160505,281712,2022-07-12 00:00:00,252840,28189,78094,154432,238599,-197545,436144,601765,16304,-20917,37221,252840,224651,28189,78094,-76338,154432
168465,285722,2022-07-19 00:00:00,234593,29044,82477,147511,250942,-182291,433233,592789,19194,-17745,36939,234593,205549,29044,82477,-65034,147511
172455,281771,2022-07-26 00:00:00,235907,30643,75900,140917,248355,-174333,422688,582666,10129,-25904,36033,235907,205264,30643,75900,-65017,140917
174257,264328,2022-08-02 00:00:00,232964,30655,60267,140725,234524,-170529,405053,567824,10665,-27828,38493,232964,202309,30655,60267,-80458,140725
175137,250735,2022-08-09 00:00:00,223172,31413,58556,143191,233693,-160233,393926,556831,9622,-26597,36219,223172,191759,31413,58556,-84635,143191
180379,211408,2022-08-16 00:00:00,200577,33984,54080,158549,234459,-135498,369957,542318,10458,-28676,39134,200577,166593,33984,54080,-104469,158549
178374,216816,2022-08-23 00:00:00,188928,32268,59199,142882,237573,-122125,359698,532899,9640,-32363,42003,188928,156660,32268,59199,-83683,142882
169822,228160,2022-08-30 00:00:00,190361,30487,67988,138070,237810,-128420,366230,538814,9932,-30190,40122,190361,159874,30487,67988,-70082,138070
169251,236638,2022-09-06 00:00:00,201611,30173,70431,144203,239682,-141159,380841,557294,10713,-29064,39777,201611,171438,30173,70431,-73772,144203
164933,230057,2022-09-13 00:00:00,215119,30719,63400,144958,228333,-146682,375015,599533,9804,-28919,38723,215119,184400,30719,63400,-81558,144958
160259,231048,2022-09-20 00:00:00,211350,28946,73118,153968,233377,-151639,385016,539745,9632,-29644,39276,211350,182404,28946,73118,-80850,153968
150913,246182,2022-09-27 00:00:00,221557,28002,88482,157397,239395,-164184,403579,562136,13962,-28269,42231,221557,193555,28002,88482,-68915,157397
150015,256576,2022-10-04 00:00:00,222761,32619,92880,150436,242895,-164117,407012,569019,15153,-26684,41837,222761,190142,32619,92880,-57556,150436
143582,259298,2022-10-11 00:00:00,225171,37813,101968,151175,245550,-164923,410473,577924,15291,-21430,36721,225171,187358,37813,101968,-49207,151175
146037,245871,2022-10-18 00:00:00,196310,43362,94712,138879,240749,-144001,384750,548773,19122,-13962,33084,196310,152948,43362,94712,-44167,138879
144035,234198,2022-10-25 00:00:00,177566,48417,99576,136009,243611,-126596,370207,537371,23654,-8730,32384,177566,129149,48417,99576,-36433,136009
157511,218201,2022-11-01 00:00:00,135516,56552,103054,128285,260565,-85921,346486,513460,30117,2587,27530,135516,78964,56552,103054,-25231,128285
161231,211635,2022-11-08 00:00:00,130240,50892,104723,137017,265954,-82698,348652,506345,28106,-134,28240,130240,79348,50892,104723,-32294,137017
166143,185510,2022-11-15 00:00:00,119275,45856,83421,143164,249564,-79110,328674,479087,24470,-658,25128,119275,73419,45856,83421,-59743,143164
173847,184210,2022-11-22 00:00:00,121451,57300,79842,137295,253689,-67816,321505,484934,27689,-1666,29355,121451,64151,57300,79842,-57453,137295
171898,184164,2022-11-29 00:00:00,123556,60067,82984,131816,254882,-61098,315980,483703,23699,-6984,30683,123556,63489,60067,82984,-48832,131816
175886,184160,2022-12-06 00:00:00,122289,62516,83064,135415,258950,-60625,319575,494586,23720,-5222,28942,122289,59773,62516,83064,-52351,135415
170834,179638,2022-12-13 00:00:00,119731,70778,86684,129082,257518,-51202,308720,531385,24147,-3802,27949,119731,48953,70778,86684,-42398,129082
167505,186526,2022-12-20 00:00:00,89648,30413,83831,123751,251336,-58941,310277,447088,25103,-2296,27399,89648,59235,30413,83831,-39920,123751
166434,182396,2022-12-27 00:00:00,92838,27742,78524,125222,244958,-62660,307618,443772,23101,-2765,25866,92838,65096,27742,78524,-46698,125222
164231,187210,2023-01-03 00:00:00,93724,27023,81355,123844,245586,-65468,311054,441684,22619,-1507,24126,93724,66701,27023,81355,-42489,123844
166861,183531,2023-01-10 00:00:00,87342,29566,79017,120860,245878,-58513,304391,440272,22837,-2481,25318,87342,57776,29566,79017,-41843,120860
171716,161075,2023-01-17 00:00:00,79511,41361,77339,126843,249055,-38863,287918,437787,23274,-2300,25574,79511,38150,41361,77339,-49504,126843
177649,156790,2023-01-24 00:00:00,73827,41720,72080,123309,249729,-30370,280099,432219,23236,-7366,30602,73827,32107,41720,72080,-51229,123309
178755,156239,2023-01-31 00:00:00,75994,45591,74443,131138,253198,-34179,287377,441152,25206,-1651,26857,75994,30403,45591,74443,-56695,131138
192893,153038,2023-02-07 00:00:00,73734,52132,70431,133694,263324,-23408,286732,450392,23674,-7058,30732,73734,21602,52132,70431,-63263,133694
188120,154605,2023-02-14 00:00:00,75432,52222,69410,129800,257530,-26875,284405,446478,26250,-3437,29687,75432,23210,52222,69410,-60390,129800
183817,159467,2023-02-21 00:00:00,71125,51012,69333,120878,253150,-27195,280345,444548,32295,1416,30879,71125,20113,51012,69333,-51545,120878
185855,167411,2023-02-28 00:00:00,73500,45983,74260,117667,260115,-24963,285078,449490,27659,-3839,31498,73500,27517,45983,74260,-43407,117667
180974,164343,2023-03-07 00:00:00,84384,48870,69813,120129,250787,-33685,284472,450248,26838,-7358,34196,84384,35514,48870,69813,-50316,120129
180136,197287,2023-03-14 00:00:00,117284,44512,65970,115256,246106,-66437,312543,596233,25724,-6460,32184,117284,72772,44512,65970,-49286,115256
195699,191184,2023-03-21 00:00:00,117773,72811,72407,113180,268106,-36258,304364,491338,26023,-8993,35016,117773,44962,72811,72407,-40773,113180
180937,191023,2023-03-28 00:00:00,113762,70695,82794,107785,263731,-35077,298808,489766,27453,-7243,34696,113762,43067,70695,82794,-24991,107785
177006,194865,2023-04-04 00:00:00,133651,61185,82328,120734,259334,-56265,315599,502416,25284,-11163,36447,133651,72466,61185,82328,-38406,120734
172024,192567,2023-04-11 00:00:00,126025,66930,91607,122904,263631,-51840,315471,503257,26285,-5387,31672,126025,59095,66930,91607,-31297,122904
176419,196341,2023-04-18 00:00:00,131439,69662,93935,123967,270354,-49954,320308,514977,27093,-6370,33463,131439,61777,69662,93935,-30032,123967
176073,195398,2023-04-25 00:00:00,134077,73928,102721,131553,278794,-48157,326951,525442,29054,-6699,35753,134077,60149,73928,102721,-28832,131553
178875,200861,2023-05-02 00:00:00,140740,72227,118564,142760,297439,-46182,343621,552131,22529,-18033,40562,140740,68513,72227,118564,-24196,142760
180691,199627,2023-05-09 00:00:00,142538,69824,118645,148128,299336,-48419,347755,552439,23521,-16996,40517,142538,72714,69824,118645,-29483,148128
182198,201252,2023-05-16 00:00:00,141120,71884,119374,141724,301572,-41404,342976,560402,24714,-21344,46058,141120,69236,71884,119374,-22350,141724
188550,177134,2023-05-23 00:00:00,119197,83269,99353,119135,287903,-8366,296269,528812,26867,-20922,47789,119197,35928,83269,99353,-19782,119135
189637,180544,2023-05-30 00:00:00,115252,85689,104425,121234,294062,-7716,301778,536026,28934,-15687,44621,115252,29563,85689,104425,-16809,121234
200173,179115,2023-06-06 00:00:00,95730,88140,99940,111041,300113,9957,290156,545445,25937,-17938,43875,95730,7590,88140,99940,-11101,111041
209621,172627,2023-06-13 00:00:00,87131,87370,99213,120950,308834,15257,293577,675081,27689,-20081,47770,87131,-239,87370,99213,-21737,120950
216518,182962,2023-06-20 00:00:00,96941,107044,100003,115625,316521,17934,298587,539927,32785,-9310,42095,96941,-10103,107044,100003,-15622,115625
193534,187959,2023-06-27 00:00:00,112239,103389,102316,112292,295850,-4401,300251,529564,32561,-8091,40652,112239,8850,103389,102316,-9976,112292
198936,185431,2023-07-03 00:00:00,109154,106369,104464,109439,303400,8530,294870,524004,25997,-14687,40684,109154,2785,106369,104464,-4975,109439
206483,186677,2023-07-11 00:00:00,115923,107428,105609,111598,312092,13817,298275,536130,21591,-22290,43881,115923,8495,107428,105609,-5989,111598
218188,176048,2023-07-18 00:00:00,108426,120315,100732,110473,318920,32399,286521,539969,22766,-24914,47680,108426,-11889,120315,100732,-9741,110473
210696,174162,2023-07-25 00:00:00,113954,117789,98276,107562,308972,27248,281724,537252,21866,-28483,50349,113954,-3835,117789,98276,-9286,107562
207017,168279,2023-08-01 00:00:00,114640,116401,93385,109832,300402,22291,278111,526439,21300,-24406,45706,114640,-1761,116401,93385,-16447,109832
204245,167524,2023-08-08 00:00:00,118989,116585,91175,109831,295420,18065,277355,524107,21325,-21714,43039,118989,2404,116585,91175,-18656,109831
205330,166193,2023-08-15 00:00:00,130478,116020,83120,120804,288450,1453,286997,536496,26858,-19660,46518,130478,14458,116020,83120,-37684,120804
190324,163338,2023-08-22 00:00:00,135314,113322,80568,129972,270892,-22418,293310,526486,32852,-4567,37419,135314,21992,113322,80568,-49404,129972
188902,155949,2023-08-29 00:00:00,134148,115785,75040,124425,263942,-16432,280374,518246,32301,-5612,37913,134148,18363,115785,75040,-49385,124425
189439,160948,2023-09-05 00:00:00,138554,113957,72992,113404,262431,-11921,274352,520138,30541,-13763,44304,138554,24597,113957,72992,-40412,113404
178042,154150,2023-09-12 00:00:00,131091,117343,76749,112061,254791,-11420,266211,549428,31371,-7135,38506,131091,13748,117343,76749,-35312,112061
169689,150762,2023-09-19 00:00:00,118265,84539,58922,99171,228611,-21322,249933,451720,20003,-15678,35681,118265,33726,84539,58922,-40249,99171
166659,155826,2023-09-26 00:00:00,120019,83327,71944,108846,238603,-26069,264672,471784,22631,-13380,36011,120019,36692,83327,71944,-36902,108846
160601,180592,2023-10-03 00:00:00,132954,75321,94727,116907,255328,-42171,297499,494918,17983,-16935,34918,132954,57633,75321,94727,-22180,116907
158976,172321,2023-10-10 00:00:00,130694,75834,96537,117250,255513,-34058,289571,490679,17455,-19388,36843,130694,54860,75834,96537,-20713,117250
159961,167802,2023-10-17 00:00:00,123923,73385,111445,128327,271406,-24723,296129,496482,15259,-20842,36101,123923,50538,73385,111445,-16882,128327
169585,180770,2023-10-24 00:00:00,127493,74259,125288,133706,294873,-19603,314476,526402,14020,-33884,47904,127493,53234,74259,125288,-8418,133706
175428,196392,2023-10-31 00:00:00,141436,92909,141433,132897,316861,-12428,329289,561956,15147,-35360,50507,141436,48527,92909,141433,8536,132897
182535,186502,2023-11-07 00:00:00,131529,94898,138976,137637,321511,-2628,324139,558527,14487,-34243,48730,131529,36631,94898,138976,1339,137637
187118,167073,2023-11-14 00:00:00,116031,107332,143206,142355,330324,20896,309428,571872,27035,-26400,53435,116031,8699,107332,143206,851,142355
185511,169482,2023-11-21 00:00:00,108452,109615,129857,124625,315368,21261,294107,553706,32406,-23940,56346,108452,-1163,109615,129857,5232,124625
190892,167929,2023-11-28 00:00:00,112963,109229,131483,133564,322375,20882,301493,566775,33073,-27587,60660,112963,3734,109229,131483,-2081,133564
206034,170743,2023-12-05 00:00:00,97017,119937,139712,156834,345746,18169,327577,580034,34892,364,34528,97017,-22920,119937,139712,-17122,156834
205580,156837,2023-12-12 00:00:00,96397,121436,137147,166988,342727,18902,323825,662621,24671,-1046,25717,96397,-25039,121436,137147,-29841,166988
219027,144229,2023-12-19 00:00:00,77650,117061,81243,144522,300270,11519,288751,526759,45722,22255,23467,77650,-39411,117061,81243,-63279,144522
229229,142312,2023-12-26 00:00:00,82248,129242,97873,146773,327102,38017,289085,528900,21894,435,21459,82248,-46994,129242,97873,-48900,146773
244398,160966,2024-01-02 00:00:00,83735,137386,96127,136314,340525,43245,297280,537913,23250,-393,23643,83735,-53651,137386,96127,-40187,136314
220516,161369,2024-01-09 00:00:00,84247,131083,92989,122686,313505,29450,284055,521705,33344,6485,26859,84247,-46836,131083,92989,-29697,122686
206793,165193,2024-01-16 00:00:00,85607,126345,110064,117418,316857,34246,282611,513411,20279,-2780,23059,85607,-40738,126345,110064,-7354,117418
207434,160512,2024-01-23 00:00:00,88654,127652,116559,126637,323993,36844,287149,522675,17110,-9322,26432,88654,-38998,127652,116559,-10078,126637
209966,166558,2024-01-30 00:00:00,92876,138054,104562,122275,314528,25695,288833,529573,23960,7570,16390,92876,-45178,138054,104562,-17713,122275
189872,152631,2024-02-06 00:00:00,93806,132436,91244,109944,281116,18541,262575,497139,22615,8656,13959,93806,-38630,132436,91244,-18700,109944
201696,145869,2024-02-13 00:00:00,97806,138612,85071,117277,286767,23621,263146,526151,37627,8609,29018,97806,-40806,138612,85071,-32206,117277
208209,136775,2024-02-20 00:00:00,93203,144744,77598,114817,285807,34215,251592,521111,42886,12986,29900,93203,-51541,144744,77598,-37219,114817
209511,135596,2024-02-27 00:00:00,107683,142479,90807,113135,300318,51587,248731,533506,21975,-26567,48542,107683,-34796,142479,90807,-22328,113135
211028,140123,2024-03-05 00:00:00,110659,142613,89730,115680,300758,44955,255803,535384,25086,-23330,48416,110659,-31954,142613,89730,-25950,115680
219425,140138,2024-03-12 00:00:00,108517,143270,89159,115301,308584,53145,255439,581605,25440,-22640,48080,108517,-34753,143270,89159,-26142,115301
208853,137020,2024-03-19 00:00:00,106740,114843,63201,112428,272054,22606,249448,484361,23131,-22505,45636,106740,-8103,114843,63201,-49227,112428
207302,130182,2024-03-26 00:00:00,107245,114395,69055,121470,276357,24705,251652,493498,21975,-27395,49370,107245,-7150,114395,69055,-52415,121470
204883,139282,2024-04-02 00:00:00,120777,102587,57460,118673,262343,4388,257955,489634,15344,-33249,48593,120777,18190,102587,57460,-61213,118673
201584,135444,2024-04-09 00:00:00,126252,104501,47958,116728,249542,-2630,252172,486870,19060,-29489,48549,126252,21751,104501,47958,-68770,116728
190927,131292,2024-04-16 00:00:00,143211,94923,51180,141672,242107,-30857,272964,505042,17501,-22178,39679,143211,48288,94923,51180,-90492,141672
187612,132802,2024-04-23 00:00:00,141296,88098,52364,144095,239976,-36921,276897,497158,20732,-22084,42816,141296,53198,88098,52364,-91731,144095
175445,138712,2024-04-30 00:00:00,146169,80077,61909,143268,237354,-44626,281980,499600,13695,-26137,39832,146169,66092,80077,61909,-81359,143268
181370,130532,2024-05-07 00:00:00,133331,76780,49747,147473,231117,-46888,278005,484136,20827,-15372,36199,133331,56551,76780,49747,-97726,147473
177434,125754,2024-05-14 00:00:00,126765,75690,53631,153494,231065,-48183,279248,486453,26826,-11362,38188,126765,51075,75690,53631,-99863,153494
182112,129624,2024-05-21 00:00:00,122937,75885,49220,154084,231332,-52376,283708,478709,27964,-3753,31717,122937,47052,75885,49220,-104864,154084
184029,127765,2024-05-28 00:00:00,120519,73405,50652,161692,234681,-54776,289457,482603,29870,961,28909,120519,47114,73405,50652,-111040,161692
173082,136268,2024-06-04 00:00:00,125870,71074,51242,155147,224324,-67091,291415,484451,32189,3138,29051,125870,54796,71074,51242,-103905,155147
175700,134565,2024-06-11 00:00:00,119777,66000,51307,146814,227007,-54372,281379,482214,26895,-5730,32625,119777,53777,66000,51307,-95507,146814
175369,137715,2024-06-18 00:00:00,115678,58234,36622,148779,211991,-74503,286494,547103,35252,11465,23787,115678,57444,58234,36622,-112157,148779
171574,146427,2024-06-25 00:00:00,112596,49386,43800,137739,215374,-68792,284166,431471,25347,-1229,26576,112596,63210,49386,43800,-93939,137739
182121,153456,2024-07-02 00:00:00,129719,54867,56324,145870,238445,-60881,299326,461967,13488,-22803,36291,129719,74852,54867,56324,-89546,145870
174950,154472,2024-07-09 00:00:00,128598,54777,61241,132140,236191,-50421,286612,461144,9984,-32813,42797,128598,73821,54777,61241,-70899,132140
208047,143364,2024-07-16 00:00:00,93484,98281,87161,122172,295208,29672,265536,520761,14565,-36400,50965,93484,-4797,98281,87161,-35011,122172
226324,139350,2024-07-23 00:00:00,84936,101726,63286,128318,289610,21942,267668,509003,24087,-17942,42029,84936,-16790,101726,63286,-65032,128318
228773,132902,2024-07-30 00:00:00,66882,115329,68674,129438,297447,35107,262340,497920,26154,-3242,29396,66882,-48447,115329,68674,-60764,129438
187545,130181,2024-08-06 00:00:00,77530,104745,69694,108236,257239,18822,238417,451196,17668,-1645,19313,77530,-27215,104745,69694,-38542,108236
184366,128012,2024-08-13 00:00:00,81025,100064,61090,113864,245456,3580,241876,442623,25563,6274,19289,81025,-19039,100064,61090,-52774,113864
185193,130433,2024-08-20 00:00:00,81482,96033,51032,116939,236225,-11147,247372,438147,29361,12191,17170,81482,-14551,96033,51032,-65907,116939
191166,128126,2024-08-27 00:00:00,69839,107637,54747,106409,245913,11378,234535,440004,27932,10296,17636,69839,-37798,107637,54747,-51662,106409
201307,127231,2024-09-03 00:00:00,68725,118904,56137,102377,257444,27836,229608,450619,25894,9219,16675,68725,-50179,118904,56137,-46240,102377
195106,126959,2024-09-10 00:00:00,69260,119296,61875,105484,256981,24538,232443,462431,34672,13194,21478,69260,-50036,119296,61875,-43609,105484
211526,117642,2024-09-17 00:00:00,63367,131693,61710,109201,273236,46393,226843,544545,29062,8930,20132,63367,-68326,131693,61710,-47491,109201
228382,113936,2024-09-24 00:00:00,49597,146158,55029,97214,283411,72261,211150,453153,29451,9551,19900,49597,-96561,146158,55029,-42185,97214
234263,114994,2024-10-01 00:00:00,54898,148089,50155,101747,284418,67677,216741,462953,33448,12012,21436,54898,-93191,148089,50155,-51592,101747
223571,110912,2024-10-08 00:00:00,53484,141047,70987,104428,294558,79218,215340,453683,15284,-5251,20535,53484,-87563,141047,70987,-33441,104428
217902,112589,2024-10-15 00:00:00,55620,152479,79978,100037,297880,85254,212626,468147,21473,-1054,22527,55620,-96859,152479,79978,-20059,100037
219552,105855,2024-10-22 00:00:00,57799,150549,67974,103215,287526,78456,209070,457574,20171,-732,20903,57799,-92750,150549,67974,-35241,103215
213320,105490,2024-10-29 00:00:00,63198,151141,58889,99039,272209,67680,204529,452479,22505,4897,17608,63198,-87943,151141,58889,-40150,99039
226026,104107,2024-11-05 00:00:00,61877,165783,56880,106161,282906,72638,210268,463714,25377,16294,9083,61877,-103906,165783,56880,-49281,106161
251387,85725,2024-11-12 00:00:00,50234,198398,60337,114032,311724,111967,199757,499573,24942,13862,11080,50234,-148164,198398,60337,-53695,114032
249206,93844,2024-11-19 00:00:00,57911,199139,50981,112103,300187,94240,205947,503464,33379,21831,11548,57911,-141228,199139,50981,-61122,112103
249597,99097,2024-11-26 00:00:00,64067,189880,55585,121115,305182,84970,220212,513835,27556,15099,12457,64067,-125813,189880,55585,-65530,121115
262283,91538,2024-12-03 00:00:00,63056,195870,50357,127757,312640,93345,219295,519176,26219,11910,14309,63056,-132814,195870,50357,-77400,127757
272492,96316,2024-12-10 00:00:00,62040,212598,53602,122313,326094,107465,218629,534743,30452,15966,14486,62040,-150558,212598,53602,-68711,122313
264225,94061,2024-12-17 00:00:00,65221,211712,60441,107110,324666,123495,201171,584648,14250,-481,14731,65221,-146491,211712,60441,-46669,107110
238287,90460,2024-12-24 00:00:00,70090,202820,45001,87338,283288,105490,177798,477056,23463,3326,20137,70090,-132730,202820,45001,-42337,87338
244903,89652,2024-12-31 00:00:00,67001,210258,46964,87827,291867,114388,177479,483685,26062,7192,18870,67001,-143257,210258,46964,-40863,87827
224590,87143,2025-01-07 00:00:00,72163,189579,59414,99338,284004,97523,186481,475871,20410,-33,20443,72163,-117416,189579,59414,-39924,99338
208077,85585,2025-01-14 00:00:00,78822,172320,58833,105258,266910,76067,190843,470796,20158,248,19910,78822,-93498,172320,58833,-46425,105258
211548,88229,2025-01-21 00:00:00,79237,164468,45400,99773,256948,68946,188002,447696,15945,-2527,18472,79237,-85231,164468,45400,-54373,99773
212918,93043,2025-01-28 00:00:00,81083,149257,40467,102552,253385,57790,195595,437392,12221,-5805,18026,81083,-68174,149257,40467,-62085,102552
198859,98265,2025-02-04 00:00:00,84435,145142,45801,93048,244660,53347,191313,433876,8302,-8149,16451,84435,-60707,145142,45801,-47247,93048
201440,101897,2025-02-11 00:00:00,86373,134586,38012,90820,239452,46735,192717,427630,7328,-10972,18300,86373,-48213,134586,38012,-52808,90820
201955,100720,2025-02-18 00:00:00,84173,138401,37891,91124,239846,48002,191844,429713,8058,-8395,16453,84173,-54228,138401,37891,-53233,91124
183434,97987,2025-02-25 00:00:00,90118,138382,54712,87832,238146,52327,185819,441234,4886,-17486,22372,90118,-48264,138382,54712,-33120,87832
179306,107206,2025-03-04 00:00:00,91128,139314,81205,95309,260511,57996,202515,473435,4685,-18520,23205,91128,-48186,139314,81205,-14104,95309
172733,124649,2025-03-11 00:00:00,92496,147123,100591,89658,273324,59017,214307,506202,6468,-14012,20480,92496,-54627,147123,100591,10933,89658
168086,132533,2025-03-18 00:00:00,90875,137414,105628,92489,273714,48692,225022,530107,2846,-7184,10030,90875,-46539,137414,105628,13139,92489
170014,130364,2025-03-25 00:00:00,74361,97718,64045,84650,234059,19045,215014,415629,6271,-2090,8361,74361,-23357,97718,64045,-20605,84650
163363,128723,2025-04-01 00:00:00,72340,96412,73917,90411,237280,18146,219134,430096,7972,-3051,11023,72340,-24072,96412,73917,-16494,90411
161898,144605,2025-04-08 00:00:00,90334,105118,93913,106302,255811,4904,250907,486118,22149,628,21521,90334,-14784,105118,93913,-12389,106302
158642,142599,2025-04-15 00:00:00,100687,108754,90581,102785,249223,3839,245384,486330,18176,3371,14805,100687,-8067,108754,90581,-12204,102785
167091,143089,2025-04-22 00:00:00,101954,123146,83544,110111,250635,-2565,253200,491404,26407,12172,14235,101954,-21192,123146,83544,-26567,110111
162003,139259,2025-04-29 00:00:00,103781,116483,81557,108205,243560,-3904,247464,485174,33931,19393,14538,103781,-12702,116483,81557,-26648,108205
146775,128001,2025-05-06 00:00:00,111787,105154,75936,116554,222711,-21844,244555,472003,32618,19168,13450,111787,6633,105154,75936,-40618,116554
155919,130506,2025-05-13 00:00:00,114014,106581,74312,109801,230231,-10076,240307,465707,17114,5048,12066,114014,7433,106581,74312,-35489,109801
155926,125054,2025-05-20 00:00:00,115867,110701,66641,100517,222567,-3004,225571,452781,13335,1583,11752,115867,5166,110701,66641,-33876,100517
153209,126127,2025-05-27 00:00:00,120151,108417,64287,100487,217496,-9118,226614,452695,12332,206,12126,120151,11734,108417,64287,-36200,100487
153130,128150,2025-06-03 00:00:00,126421,99955,70373,115604,223503,-20251,243754,462862,9583,-1984,11567,126421,26466,99955,70373,-45231,115604
143479,125002,2025-06-10 00:00:00,129830,99255,75990,119686,219469,-25219,244688,466813,6722,-5665,12387,129830,30575,99255,75990,-43696,119686
143835,123368,2025-06-17 00:00:00,136786,91686,81849,143272,225684,-40956,266640,522700,8583,-4895,13478,136786,45100,91686,81849,-61423,143272
142049,120063,2025-06-24 00:00:00,86428,53231,70586,137183,212635,-44611,257246,404272,19626,6487,13139,86428,33197,53231,70586,-66597,137183
143199,118250,2025-07-01 00:00:00,101165,52708,70690,145361,213889,-49722,263611,402328,5324,-4040,9364,101165,48457,52708,70690,-74671,145361
148103,120525,2025-07-08 00:00:00,104125,51807,72014,148790,220117,-49198,269315,413063,5778,-8347,14125,104125,52318,51807,72014,-76776,148790
138658,123275,2025-07-15 00:00:00,112736,45182,64701,143042,203359,-62958,266317,408371,4506,-11236,15742,112736,67554,45182,64701,-78341,143042
139115,127181,2025-07-22 00:00:00,120465,49245,64179,141537,203294,-65424,268718,412842,5837,-8972,14809,120465,71220,49245,64179,-77358,141537
138991,123783,2025-07-29 00:00:00,117863,45874,65067,155643,204058,-75368,279426,422181,6304,-3157,9461,117863,71989,45874,65067,-90576,155643
141877,125417,2025-08-05 00:00:00,147394,49356,63415,180193,205292,-100318,305610,441606,5551,-292,5843,147394,98038,49356,63415,-116778,180193
143118,125218,2025-08-12 00:00:00,141206,49733,64907,179745,208025,-96938,304963,441343,5401,221,5180,141206,91473,49733,64907,-114838,179745
144563,135590,2025-08-19 00:00:00,132184,54059,66711,159601,211274,-83917,295191,433822,4714,73,4641,132184,78125,54059,66711,-92890,159601
146333,131671,2025-08-26 00:00:00,115118,60101,71418,149217,217751,-63137,280888,430309,3908,-440,4348,115118,55017,60101,71418,-77799,149217
153207,134763,2025-09-02 00:00:00,110297,63034,71991,148372,225198,-57937,283135,429548,3253,-1177,4430,110297,47263,63034,71991,-76381,148372
152185,131916,2025-09-09 00:00:00,119432,63290,74143,160295,226328,-65883,292211,445661,3016,-1644,4660,119432,56142,63290,74143,-86152,160295
151383,126523,2025-09-16 00:00:00,110693,51937,71044,160489,222427,-64585,287012,499359,3327,-2502,5829,110693,58756,51937,71044,-89445,160489
155549,129550,2025-09-23 00:00:00,95958,55379,37464,112670,193013,-49207,242220,390158,2502,-4064,6566,95958,40579,55379,37464,-75206,112670
147612,128428,2025-09-30 00:00:00,94873,54908,35128,101938,182740,-47626,230366,372789,3946,-2112,6058,94873,39965,54908,35128,-66810,101938
151714,154157,2025-10-07 00:00:00,111055,52006,38436,102629,190150,-66636,256786,405381,4502,-1809,6311,111055,59049,52006,38436,-64193,102629
151577,141439,2025-10-14 00:00:00,110033,54662,33138,102146,184715,-58870,243585,402124,3673,-3446,7119,110033,55371,54662,33138,-69008,102146
151032,139724,2025-10-21 00:00:00,102668,54452,36454,98757,187486,-50995,238481,402965,2466,-4073,6539,102668,48216,54452,36454,-62303,98757
154195,142150,2025-10-28 00:00:00,100623,52069,40026,108820,194221,-56749,250970,404885,2753,-4206,6959,100623,48554,52069,40026,-68794,108820
149650,141008,2025-11-04 00:00:00,117359,50459,41446,120379,191096,-70291,261387,415384,2928,-4252,7180,117359,66900,50459,41446,-78933,120379
149664,131997,2025-11-10 00:00:00,110948,55475,41323,120971,190987,-61981,252968,412463,2589,-4094,6683,110948,55473,55475,41323,-79648,120971
154819,132062,2025-11-18 00:00:00,105068,45262,44647,134470,199466,-67066,266532,415810,2436,-4702,7138,105068,59806,45262,44647,-89823,134470
152230,132178,2025-11-25 00:00:00,83424,51789,49488,105783,201718,-36243,237961,387018,1932,-4435,6367,83424,31635,51789,49488,-56295,105783
158659,132277,2025-12-02 00:00:00,85575,59011,54010,107335,212669,-26943,239612,398933,2021,-8966,10987,85575,26564,59011,54010,-53325,107335
161852,134491,2025-12-09 00:00:00,84078,67364,61404,108137,223256,-19372,242628,434295,2402,-8875,11277,84078,16714,67364,61404,-46733,108137
167805,132994,2025-12-16 00:00:00,70561,77703,60159,101731,227964,-6761,234725,522365,4710,-6088,10798,70561,-7142,77703,60159,-41572,101731
165333,125253,2025-12-23 00:00:00,68739,98829,74257,95902,239590,18435,221155,402230,4989,-5733,10722,68739,-30090,98829,74257,-21645,95902
163277,122944,2025-12-30 00:00:00,75313,98028,66586,93665,229863,13254,216609,401426,3864,-7360,11224,75313,-22715,98028,66586,-27079,93665
161499,124177,2026-01-06 00:00:00,71659,100646,71002,85783,232501,22541,209960,408126,3267,-7157,10424,71659,-28987,100646,71002,-14781,85783
155683,125841,2026-01-13 00:00:00,66344,99298,74932,87013,230615,17761,212854,412953,12643,2476,10167,66344,-32954,99298,74932,-12081,87013
154910,125145,2026-01-20 00:00:00,66047,97788,91574,101035,246484,20304,226180,431866,11433,672,10761,66047,-31741,97788,91574,-9461,101035
158781,127529,2026-01-27 00:00:00,64863,96429,96875,113222,255656,14905,240751,435907,12192,2733,9459,64863,-31566,96429,96875,-16347,113222
161109,116197,2026-02-03 00:00:00,74147,99430,75936,113429,237045,7419,229626,427897,14542,3264,11278,74147,-25283,99430,75936,-37493,113429
164510,114072,2026-02-10 00:00:00,66702,104138,76901,106888,241411,20451,220960,427126,13317,2514,10803,66702,-37436,104138,76901,-29987,106888
167922,111768,2026-02-17 00:00:00,70689,106845,73350,100258,241272,29246,212026,410023,2856,-7524,10380,70689,-36156,106845,73350,-26908,100258
170820,114698,2026-02-24 00:00:00,80518,102955,71652,108570,242472,19204,223268,411611,3104,-8607,11711,80518,-22437,102955,71652,-36918,108570
176192,116317,2026-03-03 00:00:00,72560,97196,76449,113448,252641,22876,229765,419069,2863,-4865,7728,72560,-24636,97196,76449,-36999,113448
160627,115956,2026-03-10 00:00:00,84547,89573,83372,126917,243999,1126,242873,425956,2584,-3185,5769,84547,-5026,89573,83372,-43545,126917
160399,116147,2026-03-17 00:00:00,104490,91836,74901,128822,235300,-9669,244969,504533,2033,-4650,6683,104490,12654,91836,74901,-53921,128822
149284,116857,2026-03-24 00:00:00,98483,82794,85058,134753,234342,-17268,251610,422903,4571,746,3825,98483,15689,82794,85058,-49695,134753
144728,129570,2026-03-31 00:00:00,114519,88363,68065,107537,212793,-24314,237107,414456,3034,-4092,7126,114519,26156,88363,68065,-39472,107537
137108,131047,2026-04-07 00:00:00,117614,84276,71598,108364,208706,-30705,239411,411725,3228,-4271,7499,117614,33338,84276,71598,-36766,108364
147225,129403,2026-04-14 00:00:00,117369,81459,72389,123616,219614,-33405,253019,417559,2145,-4641,6786,117369,35910,81459,72389,-51227,123616
143462,128687,2026-04-21 00:00:00,118630,72927,82423,139453,225885,-42255,268140,426652,2130,-6824,8954,118630,45703,72927,82423,-57030,139453
148867,129108,2026-04-28 00:00:00,131980,80590,69589,135839,218456,-46491,264947,426827,1703,-6964,8667,131980,51390,80590,69589,-66250,135839
140547,155516,2026-05-05 00:00:00,128098,60958,83727,139972,224274,-71214,295488,445456,11199,2419,8780,128098,67140,60958,83727,-56245,139972
145010,154555,2026-05-12 00:00:00,132630,64454,79700,141903,224710,-71748,296458,446909,10618,573,10045,132630,68176,64454,79700,-62203,141903
148922,151208,2026-05-19 00:00:00,134206,68514,63409,131803,212331,-70680,283011,439983,10402,-537,10939,134206,65692,68514,63409,-68394,131803
151819,158085,2026-05-26 00:00:00,136379,65609,61643,131340,213462,-75963,289425,443078,10351,-393,10744,136379,70770,65609,61643,-69697,131340
146852,157181,2026-06-02 00:00:00,137110,50974,53616,128568,200468,-85281,285749,429695,10462,-3743,14205,137110,86136,50974,53616,-74952,128568
142350,158837,2026-06-09 00:00:00,126222,37736,53519,130283,195869,-93251,289120,415360,10220,861,9359,126222,88486,37736,53519,-76764,130283
162952,148277,2026-06-16 00:00:00,118943,48590,38189,124720,201141,-71856,272997,510007,957,-9232,10189,118943,70353,48590,38189,-86531,124720
