avg_call_iv_pct,avg_put_iv_pct,current_price,name,options_count,pcr_oi,pcr_volume,symbol,timestamp
44.61,44.23,83.04,Copper Miners ETF,1436,0.396,0.419,COPX,2026-10-08 10:00:50
17.17,19.17,511.72,Dow Jones ETF,4824,1.183,0.83,DIA,2026-10-08 22:16:11
34.31,38.1,379.37,Gold ETF,8006,0.529,0.954,GLD,2026-10-08 23:59:45
13.03,21.35,89.3958,7-10Y Treasury ETF,1422,0.606,2.531,IEF,2026-10-08 23:58:43
35.82,32.73,277.89,Russell 2000 ETF,5748,2.375,1.3,IWM,2026-10-08 23:59:42
29.93,37.19,748.14,Nasdaq 100 ETF,11442,1.493,1.04,QQQ,2026-10-08 23:59:47
9.48,10.64,81.2,1-3Y Treasury ETF,426,1.736,0.051,SHY,2026-10-08 23:48:46
37.89,37.03,53.71,Silver ETF,4646,0.412,0.648,SLV,2026-10-08 23:59:44
26.89,29.68,774.3724,S&P 500 ETF,13160,2.231,1.036,SPY,2026-10-08 23:59:39
19.3,17.1,77.7438,20Y Treasury ETF,2960,0.465,0.597,TLT,2026-10-08 23:59:43
58.54,53.09,10.77,Natural Gas ETF,756,0.341,0.27,UNG,2026-10-08 23:59:48
46.78,43.96,147.5,Crude Oil ETF,6152,1.574,1.287,USO,2026-10-08 23:59:46
